{"type":"FeatureCollection","features":[{"type":"Feature","properties":{"carta_id":"312","answer_id":"250","name":"Guadalupe"},"geometry":{"type":"MultiPolygon","coordinates":[[[[-61.59847,15.83598],[-61.59134,15.84285],[-61.58423,15.83598],[-61.58518,15.83198],[-61.59847,15.83598]]],[[[-61.63369,15.83956],[-61.65079,15.84793],[-61.63543,15.87131],[-61.61438,15.85513],[-61.63369,15.83956]]],[[[-61.56643,15.87175],[-61.59331,15.85252],[-61.60673,15.85708],[-61.59913,15.86527],[-61.58487,15.86419],[-61.58486,15.87614],[-61.58107,15.88136],[-61.57607,15.87459],[-61.57341,15.8841],[-61.56643,15.87175]]],[[[-61.59419,15.87176],[-61.599,15.87753],[-61.59376,15.87866],[-61.59082,15.87644],[-61.59419,15.87176]]],[[[-61.77048,16.06078],[-61.76985,16.13067],[-61.78003,16.13942],[-61.77594,16.17113],[-61.78298,16.17396],[-61.78785,16.19506],[-61.7825,16.21433],[-61.80189,16.24309],[-61.80976,16.2727],[-61.79483,16.30591],[-61.80086,16.31687],[-61.78824,16.32263],[-61.77623,16.34992],[-61.74363,16.36191],[-61.68537,16.32491],[-61.67835,16.32844],[-61.66526,16.31774],[-61.6513,16.32149],[-61.64095,16.31635],[-61.64336,16.30882],[-61.62508,16.30133],[-61.60257,16.30407],[-61.61422,16.28341],[-61.62126,16.28327],[-61.62081,16.29213],[-61.62655,16.28188],[-61.62429,16.27559],[-61.61176,16.27948],[-61.61342,16.2676],[-61.59773,16.28202],[-61.59695,16.26607],[-61.58443,16.2702],[-61.57618,16.28517],[-61.55526,16.28496],[-61.55338,16.27841],[-61.56089,16.27682],[-61.55569,16.27281],[-61.54975,16.27758],[-61.55328,16.24994],[-61.54375,16.22426],[-61.55909,16.23522],[-61.5806,16.23685],[-61.59057,16.1921],[-61.57997,16.17862],[-61.58518,16.16777],[-61.57381,16.15062],[-61.57798,16.14362],[-61.5604,16.13029],[-61.57095,16.11474],[-61.55857,16.09381],[-61.55534,16.05294],[-61.56944,16.02532],[-61.60167,16.00054],[-61.61926,15.97171],[-61.64856,15.96981],[-61.70008,15.94658],[-61.70768,15.94828],[-61.71517,15.98262],[-61.74608,16.0099],[-61.75082,16.03376],[-61.77048,16.06078]]],[[[-61.59026,16.35362],[-61.58134,16.34528],[-61.59674,16.34129],[-61.59026,16.35362]]],[[[-61.7816,16.37079],[-61.77796,16.36805],[-61.78124,16.36605],[-61.7816,16.37079]]],[[[-61.33169,15.90029],[-61.33719,15.94192],[-61.32018,15.95235],[-61.31924,15.97567],[-61.30641,15.97903],[-61.2912,16.00322],[-61.27614,16.00741],[-61.23304,15.98556],[-61.22981,15.97106],[-61.20541,15.95086],[-61.19493,15.93024],[-61.20466,15.90095],[-61.24254,15.87438],[-61.27978,15.86648],[-61.31795,15.87984],[-61.33169,15.90029]]],[[[-61.10675,16.17107],[-61.12841,16.16909],[-61.13142,16.17186],[-61.10675,16.17107]]],[[[-61.11115,16.17924],[-61.10609,16.17562],[-61.11393,16.17688],[-61.11115,16.17924]]],[[[-61.54077,16.21345],[-61.54329,16.2192],[-61.53482,16.2136],[-61.54077,16.21345]]],[[[-61.09872,16.29366],[-61.0893,16.31283],[-61.00757,16.34895],[-61.00174,16.33319],[-61.09872,16.29366]]],[[[-61.53445,16.31254],[-61.53035,16.33979],[-61.52351,16.34642],[-61.50839,16.34198],[-61.50628,16.35038],[-61.49101,16.35361],[-61.50152,16.36446],[-61.49419,16.3786],[-61.52574,16.39493],[-61.54156,16.43807],[-61.52898,16.46105],[-61.46466,16.51448],[-61.46188,16.49956],[-61.44363,16.5004],[-61.44181,16.48644],[-61.41027,16.46761],[-61.39838,16.42854],[-61.40582,16.3847],[-61.37984,16.34403],[-61.36827,16.33499],[-61.34666,16.33601],[-61.34253,16.32882],[-61.33404,16.33376],[-61.29738,16.32764],[-61.25972,16.30441],[-61.23623,16.26867],[-61.17156,16.24604],[-61.17702,16.24152],[-61.19169,16.25018],[-61.25488,16.25643],[-61.29442,16.24326],[-61.33842,16.24187],[-61.38024,16.22179],[-61.39031,16.22374],[-61.39439,16.21612],[-61.46402,16.19658],[-61.50676,16.20551],[-61.51162,16.21646],[-61.52267,16.21282],[-61.54995,16.25159],[-61.54653,16.25422],[-61.54655,16.26703],[-61.55174,16.28607],[-61.54819,16.29305],[-61.54139,16.28948],[-61.54699,16.30171],[-61.53445,16.31254]]]]}},{"type":"Feature","properties":{"carta_id":"334","answer_id":"36","name":"Ilhas Heard e McDonald"},"geometry":{"type":"MultiPolygon","coordinates":[[[[73.46607,-53.02834],[73.491,-53.02082],[73.49641,-53.01076],[73.51152,-53.01785],[73.53671,-53.01309],[73.57084,-53.01884],[73.60928,-53.03606],[73.64185,-53.04034],[73.6778,-53.08676],[73.75167,-53.11922],[73.87675,-53.10586],[73.81308,-53.11864],[73.74098,-53.1274],[73.64129,-53.16252],[73.5985,-53.18749],[73.57289,-53.1923],[73.52402,-53.1858],[73.49587,-53.19479],[73.43661,-53.16495],[73.40737,-53.13819],[73.3933,-53.0874],[73.38284,-53.07765],[73.36146,-53.07596],[73.37658,-53.0708],[73.38296,-53.05914],[73.37708,-53.04426],[73.36593,-53.04311],[73.37048,-53.03521],[73.36096,-53.03349],[73.3715,-53.02999],[73.3689,-53.0228],[73.31922,-53.01769],[73.29522,-53.02385],[73.25939,-53.00953],[73.25123,-52.98848],[73.29826,-52.97133],[73.31989,-52.97498],[73.38413,-53.02872],[73.393,-53.02484],[73.38693,-53.0178],[73.39455,-53.00737],[73.4101,-52.99968],[73.41726,-53.00832],[73.40828,-53.02106],[73.42566,-53.02926],[73.46607,-53.02834]]],[[[72.58856,-53.03672],[72.60064,-53.03406],[72.61256,-53.04189],[72.6071,-53.04859],[72.58552,-53.04295],[72.58856,-53.03672]]],[[[73.30324,-52.96253],[73.30904,-52.96537],[73.30217,-52.97175],[73.30088,-52.97043],[73.30324,-52.96253]]],[[[73.58262,-52.91423],[73.5849,-52.91508],[73.58588,-52.92009],[73.58262,-52.91423]]]]}},{"type":"Feature","properties":{"carta_id":"474","answer_id":"250","name":"Martinica"},"geometry":{"type":"MultiPolygon","coordinates":[[[[-60.82579,14.42904],[-60.83004,14.42977],[-60.8294,14.43206],[-60.82579,14.42904]]],[[[-61.02204,14.54711],[-61.02138,14.54919],[-61.01602,14.5485],[-61.02204,14.54711]]],[[[-61.00878,14.57402],[-61.0094,14.58092],[-61.00438,14.57907],[-61.00536,14.57175],[-61.00878,14.57402]]],[[[-60.8565,14.61138],[-60.86133,14.60924],[-60.85246,14.61461],[-60.84979,14.61069],[-60.8565,14.61138]]],[[[-60.88766,14.62987],[-60.88997,14.63383],[-60.88482,14.63209],[-60.88766,14.62987]]],[[[-61.02489,14.59863],[-61.02226,14.60078],[-61.01164,14.60236],[-61.0065,14.61813],[-61.02203,14.61654],[-61.03106,14.60593],[-61.03636,14.61015],[-61.03644,14.59462],[-61.04294,14.59922],[-61.04589,14.59065],[-61.05225,14.59857],[-61.06054,14.59466],[-61.0586,14.60489],[-61.06615,14.59715],[-61.0696,14.60232],[-61.09207,14.59839],[-61.11091,14.62539],[-61.13542,14.63307],[-61.15236,14.64975],[-61.18447,14.70741],[-61.17676,14.74559],[-61.22726,14.80233],[-61.22624,14.83177],[-61.20925,14.85961],[-61.18121,14.87504],[-61.139,14.87762],[-61.0983,14.86328],[-61.0544,14.83293],[-61.04265,14.83696],[-61.02907,14.83014],[-61.03192,14.82361],[-61.02235,14.82216],[-61.01606,14.80756],[-61.00203,14.80899],[-61.00416,14.79788],[-60.97966,14.77801],[-60.95783,14.73637],[-60.94519,14.75733],[-60.92516,14.76335],[-60.91987,14.75855],[-60.88804,14.7802],[-60.87462,14.77466],[-60.8729,14.75835],[-60.87869,14.75806],[-60.88387,14.76764],[-60.89635,14.76201],[-60.88865,14.75216],[-60.89919,14.74344],[-60.89089,14.73539],[-60.91016,14.73533],[-60.92579,14.75078],[-60.94313,14.74316],[-60.9364,14.73204],[-60.94397,14.73357],[-60.94411,14.72271],[-60.93441,14.71551],[-60.92513,14.72162],[-60.93272,14.7076],[-60.91357,14.71607],[-60.91419,14.70297],[-60.90053,14.69885],[-60.91155,14.68766],[-60.92762,14.68761],[-60.92448,14.67843],[-60.9367,14.68258],[-60.94292,14.66972],[-60.92716,14.65289],[-60.91153,14.666],[-60.89386,14.65887],[-60.88275,14.66515],[-60.88575,14.6527],[-60.90215,14.65366],[-60.90685,14.6461],[-60.88868,14.64129],[-60.8985,14.62103],[-60.87011,14.61944],[-60.88033,14.61102],[-60.86994,14.60622],[-60.87271,14.59625],[-60.86515,14.58863],[-60.8512,14.59549],[-60.84574,14.584],[-60.85393,14.57953],[-60.84217,14.57902],[-60.85515,14.57223],[-60.84276,14.57143],[-60.84651,14.5573],[-60.8252,14.5681],[-60.83838,14.55015],[-60.82665,14.53716],[-60.83688,14.53305],[-60.8253,14.52792],[-60.83705,14.51288],[-60.82347,14.513],[-60.82284,14.49523],[-60.81034,14.48047],[-60.82447,14.47133],[-60.8097,14.46006],[-60.82135,14.45593],[-60.83456,14.42384],[-60.84876,14.42728],[-60.8388,14.41077],[-60.84606,14.41356],[-60.85596,14.39709],[-60.8686,14.39475],[-60.89342,14.41955],[-60.8799,14.43868],[-60.88389,14.45189],[-60.87272,14.44794],[-60.87153,14.45827],[-60.86339,14.44959],[-60.86063,14.45783],[-60.86776,14.45834],[-60.85939,14.46571],[-60.86638,14.4708],[-60.87661,14.47162],[-60.89914,14.44788],[-60.91747,14.47179],[-60.93451,14.46256],[-60.95635,14.46542],[-60.96842,14.47824],[-60.97645,14.46914],[-60.9831,14.48804],[-60.9865,14.48111],[-60.98506,14.47293],[-60.99203,14.48378],[-60.99118,14.46648],[-61.00694,14.48345],[-61.00789,14.47346],[-61.00571,14.47119],[-61.00931,14.47233],[-61.01874,14.48083],[-61.03168,14.47739],[-61.05538,14.45394],[-61.08181,14.47036],[-61.07953,14.48923],[-61.09045,14.49299],[-61.085,14.50467],[-61.10092,14.50834],[-61.08761,14.5343],[-61.06601,14.54046],[-61.05196,14.56226],[-61.05145,14.5512],[-61.03801,14.55631],[-61.03706,14.5501],[-61.04438,14.54639],[-61.03181,14.53672],[-61.01874,14.53936],[-61.01761,14.53267],[-61.00789,14.54192],[-61.01135,14.53386],[-60.99706,14.53179],[-60.99531,14.53737],[-60.98764,14.52948],[-60.98983,14.53641],[-60.97834,14.54435],[-60.98939,14.54508],[-60.97837,14.54668],[-60.98389,14.5495],[-60.97671,14.55485],[-60.99049,14.55704],[-60.9854,14.56129],[-60.99446,14.56321],[-60.99159,14.57508],[-61.00191,14.56211],[-61.00582,14.56569],[-61.00067,14.57626],[-61.00929,14.58861],[-61.0244,14.58514],[-61.02363,14.59207],[-61.00798,14.59292],[-61.00144,14.60161],[-61.02489,14.59863]]],[[[-60.87964,14.69134],[-60.89032,14.68957],[-60.89677,14.69632],[-60.88738,14.69723],[-60.87964,14.69134]]]]}},{"type":"Feature","properties":{"carta_id":"581","answer_id":"840","name":"Ilhas Menores Distantes dos Estados Unidos"},"geometry":{"type":"MultiPolygon","coordinates":[[[[-176.48686,0.19283],[-176.47912,0.20083],[-176.47081,0.19609],[-176.47454,0.19018],[-176.48686,0.19283]]],[[[-176.62227,0.81857],[-176.61448,0.81161],[-176.61339,0.79852],[-176.61942,0.79963],[-176.62227,0.81857]]],[[[-162.0663,5.89155],[-162.06433,5.88934],[-162.10045,5.88827],[-162.09937,5.8909],[-162.07269,5.8931],[-162.0663,5.89155]]],[[[-169.51935,16.73418],[-169.5455,16.7197],[-169.54678,16.72778],[-169.51935,16.73418]]],[[[-177.36093,28.21542],[-177.36898,28.21055],[-177.35995,28.20815],[-177.39758,28.19573],[-177.38281,28.21765],[-177.36093,28.21542]]],[[[-177.33813,28.20509],[-177.3471,28.20778],[-177.32801,28.21858],[-177.32363,28.20729],[-177.33813,28.20509]]],[[[-160.00302,-0.36447],[-159.98728,-0.36598],[-159.98565,-0.37974],[-160.01353,-0.37829],[-160.00302,-0.36447]]],[[[-162.05814,5.87824],[-162.0604,5.87088],[-162.07853,5.87419],[-162.08848,5.87304],[-162.08215,5.87669],[-162.0631,5.8722],[-162.05814,5.87824]]],[[[-162.05606,5.88173],[-162.05542,5.88633],[-162.04944,5.88507],[-162.05606,5.88173]]],[[[-75.01566,18.39363],[-75.02876,18.41382],[-75.0033,18.40745],[-75.00271,18.39392],[-75.01566,18.39363]]],[[[166.63234,19.3085],[166.6471,19.3094],[166.65738,19.27032],[166.61914,19.2852],[166.61861,19.29125],[166.61353,19.28957],[166.60139,19.29718],[166.60024,19.30329],[166.64624,19.28235],[166.6436,19.3044],[166.63234,19.3085]]],[[[166.61465,19.3186],[166.63002,19.31041],[166.63328,19.30389],[166.62121,19.30552],[166.61465,19.3186]]]]}},{"type":"Feature","properties":{"carta_id":"638","answer_id":"250","name":"Reunião"},"geometry":{"type":"Polygon","coordinates":[[[55.27598,-21.00106],[55.28261,-20.97725],[55.27736,-20.95352],[55.28132,-20.93715],[55.28481,-20.93806],[55.28242,-20.94529],[55.2897,-20.93304],[55.28577,-20.93054],[55.28228,-20.93596],[55.28421,-20.92554],[55.31917,-20.927],[55.31939,-20.93122],[55.31317,-20.93308],[55.3249,-20.93532],[55.32189,-20.92618],[55.34375,-20.92215],[55.38061,-20.89059],[55.42161,-20.8743],[55.45098,-20.87179],[55.47063,-20.88447],[55.50506,-20.88243],[55.54138,-20.89462],[55.59223,-20.89595],[55.66482,-20.92505],[55.69678,-20.96455],[55.70271,-21.01738],[55.73246,-21.0495],[55.73763,-21.06978],[55.78201,-21.12373],[55.82583,-21.14348],[55.83503,-21.16038],[55.83665,-21.18334],[55.82582,-21.18611],[55.8016,-21.25979],[55.80743,-21.33665],[55.77532,-21.36547],[55.68044,-21.37476],[55.64644,-21.38971],[55.63673,-21.38265],[55.60989,-21.38715],[55.5865,-21.37152],[55.55105,-21.37434],[55.50191,-21.35088],[55.48407,-21.35218],[55.47969,-21.34136],[55.46773,-21.34407],[55.44915,-21.32835],[55.42015,-21.32174],[55.38908,-21.29155],[55.33948,-21.28102],[55.33062,-21.25891],[55.29301,-21.23008],[55.28043,-21.20309],[55.28744,-21.16334],[55.2718,-21.14985],[55.27102,-21.13171],[55.22064,-21.07702],[55.22396,-21.05388],[55.21689,-21.0361],[55.23524,-21.01787],[55.24881,-21.0194],[55.27598,-21.00106]]]}},{"type":"Feature","properties":{"carta_id":"74","answer_id":"578","name":"Ilha Bouvet"},"geometry":{"type":"Polygon","coordinates":[[[3.34969,-54.39416],[3.35385,-54.38712],[3.38535,-54.39272],[3.41401,-54.40203],[3.43338,-54.4216],[3.41456,-54.44492],[3.31929,-54.45198],[3.29023,-54.43472],[3.28576,-54.40704],[3.29463,-54.40026],[3.29067,-54.39617],[3.34969,-54.39416]]]}},{"type":"Feature","properties":{"carta_id":"744","answer_id":"578","name":"Svalbard e Jan Mayen"},"geometry":{"type":"MultiPolygon","coordinates":[[[[-8.06635,71.15874],[-7.95498,71.15978],[-7.92853,71.14587],[-7.95952,71.12244],[-7.95744,71.11239],[-7.99347,71.09744],[-7.9981,71.06454],[-7.98229,71.03956],[-7.98709,71.02144],[-7.99986,71.01586],[-8.38418,70.96789],[-8.41906,70.97546],[-8.57218,70.95955],[-8.70316,70.92725],[-8.7257,70.91791],[-8.72097,70.91388],[-8.73306,70.90571],[-8.75602,70.90364],[-8.79256,70.88512],[-8.8066,70.87412],[-8.80438,70.86593],[-8.87135,70.86261],[-8.92281,70.84718],[-8.9374,70.83459],[-8.98115,70.82674],[-9.04208,70.8312],[-9.03963,70.8451],[-9.07717,70.86362],[-9.04849,70.87937],[-8.996,70.87933],[-8.97839,70.89913],[-8.86915,70.93629],[-8.76736,70.94389],[-8.68552,70.96483],[-8.68309,70.97089],[-8.69731,70.97454],[-8.68479,70.97862],[-8.56484,70.98504],[-8.46407,71.01307],[-8.45607,71.02192],[-8.45735,71.03626],[-8.42748,71.05197],[-8.41508,71.0698],[-8.28541,71.12255],[-8.15713,71.14395],[-8.08747,71.14633],[-8.06635,71.15874]]],[[[11.94401,78.22687],[11.94572,78.2272],[11.96141,78.21998],[11.94401,78.22687]]],[[[11.93562,78.22976],[11.94332,78.22849],[11.93941,78.22706],[11.93562,78.22976]]],[[[11.60937,78.32385],[11.60817,78.32041],[11.60148,78.32086],[11.60937,78.32385]]],[[[11.56629,78.33637],[11.5729,78.3379],[11.57032,78.34461],[11.59178,78.33384],[11.56629,78.33637]]],[[[11.51599,78.3557],[11.5238,78.36114],[11.53616,78.35546],[11.51599,78.3557]]],[[[12.15375,78.56017],[12.20268,78.55959],[12.19763,78.55816],[12.23096,78.54175],[12.2124,78.53781],[12.15375,78.56017]]],[[[11.06315,78.76682],[10.99311,78.7758],[10.94985,78.79329],[10.95285,78.80276],[10.95251,78.79571],[10.975,78.78498],[11.11714,78.76319],[11.18717,78.72729],[11.10035,78.71985],[11.12391,78.72402],[11.11765,78.73187],[11.0676,78.73296],[11.10065,78.72953],[11.02736,78.72238],[11.05019,78.71284],[11.04383,78.71138],[11.07207,78.70728],[11.02907,78.71012],[11.0474,78.70046],[11.01622,78.68876],[11.03193,78.68206],[11.06109,78.68445],[11.06401,78.67801],[11.02229,78.66587],[11.06915,78.66152],[11.1444,78.67005],[11.14812,78.66744],[11.14941,78.66252],[11.14291,78.65671],[11.16769,78.65048],[11.12726,78.64958],[11.14344,78.64113],[11.07802,78.64592],[11.10898,78.62457],[11.08306,78.61765],[11.09046,78.60907],[11.08426,78.60569],[11.1458,78.60861],[11.18005,78.61914],[11.25953,78.61795],[11.22142,78.59282],[11.25463,78.58518],[11.25953,78.57699],[11.3063,78.5585],[11.26279,78.55507],[11.26081,78.54627],[11.22734,78.54257],[11.45448,78.54791],[11.44398,78.53144],[11.46451,78.51007],[11.57392,78.47046],[11.64499,78.45357],[11.89748,78.44515],[11.8618,78.42851],[11.83888,78.39501],[11.89339,78.38565],[11.88465,78.37276],[11.94617,78.3561],[11.97587,78.32019],[12.02127,78.3137],[12.06436,78.2857],[12.09406,78.28214],[12.05398,78.26754],[12.08968,78.25703],[12.08212,78.25312],[12.08651,78.24875],[12.11612,78.24233],[12.13955,78.22397],[12.11981,78.23239],[12.11389,78.23138],[12.12341,78.22653],[12.11758,78.22422],[12.1568,78.20379],[12.07844,78.20846],[11.97338,78.22889],[11.98231,78.22206],[11.97621,78.21857],[11.94892,78.23161],[11.92549,78.23068],[11.94231,78.22397],[11.93433,78.22022],[11.85777,78.23141],[11.86249,78.23383],[11.8309,78.24445],[11.8291,78.25438],[11.80052,78.26526],[11.76421,78.26747],[11.76147,78.27175],[11.81108,78.27892],[11.80541,78.28359],[11.81854,78.29044],[11.80232,78.30248],[11.63023,78.34418],[11.61092,78.35556],[11.60817,78.36522],[11.57968,78.37068],[11.58603,78.37808],[11.5668,78.39033],[11.52989,78.40193],[11.44363,78.41004],[11.35325,78.43541],[11.32787,78.45134],[11.20442,78.45293],[11.13851,78.43736],[11.05817,78.45512],[11.0507,78.47045],[11.02503,78.4787],[11.0477,78.4814],[11.04383,78.48624],[10.99809,78.49897],[11.00607,78.5039],[10.9744,78.52122],[10.97972,78.526],[10.97199,78.52887],[10.97903,78.53266],[10.96659,78.54234],[10.98865,78.54971],[10.93423,78.5641],[10.92908,78.57062],[10.93964,78.57338],[10.92273,78.58757],[10.85878,78.61836],[10.82464,78.62525],[10.82737,78.63545],[10.80576,78.64874],[10.73248,78.6715],[10.71945,78.67871],[10.73114,78.68395],[10.70112,78.69322],[10.70928,78.69927],[10.66887,78.71046],[10.67289,78.71376],[10.66269,78.72032],[10.61963,78.72953],[10.6105,78.74683],[10.4908,78.7853],[10.50592,78.79232],[10.48933,78.80013],[10.51571,78.80241],[10.53349,78.81359],[10.52855,78.82314],[10.53815,78.83276],[10.52147,78.84212],[10.53331,78.84646],[10.52499,78.85066],[10.53743,78.85838],[10.45907,78.89306],[10.53044,78.89759],[10.60541,78.8867],[10.75321,78.88081],[10.83781,78.8711],[11.00427,78.82569],[10.95279,78.80553],[10.94959,78.80596],[10.96075,78.81296],[10.98693,78.82048],[10.93801,78.82438],[10.95955,78.82023],[10.92513,78.82015],[10.96152,78.8172],[10.95303,78.80958],[10.89545,78.80405],[10.9108,78.79886],[10.87835,78.79453],[10.91457,78.79204],[10.92093,78.78951],[10.91406,78.78376],[10.96693,78.76609],[11.06315,78.76682]]],[[[11.05129,78.67221],[11.04032,78.6708],[11.05077,78.67233],[11.05129,78.67221]]],[[[11.06817,78.72038],[11.05639,78.72031],[11.06989,78.72151],[11.06817,78.72038]]],[[[12.32532,78.92219],[12.34026,78.91943],[12.32356,78.92153],[12.32532,78.92219]]],[[[11.99235,78.92106],[11.96654,78.92171],[11.97298,78.92158],[11.99235,78.92106]]],[[[12.31466,78.93121],[12.32631,78.93234],[12.33382,78.92848],[12.31466,78.93121]]],[[[12.21755,78.92748],[12.2125,78.93475],[12.23373,78.93582],[12.21755,78.92748]]],[[[12.28262,78.93159],[12.29221,78.93452],[12.30481,78.93363],[12.28262,78.93159]]],[[[12.32295,78.93482],[12.29856,78.93964],[12.30914,78.93897],[12.32295,78.93482]]],[[[12.27986,78.93967],[12.28757,78.9368],[12.28061,78.93584],[12.26695,78.93749],[12.27986,78.93967]]],[[[12.26606,78.94463],[12.25892,78.94355],[12.26398,78.94532],[12.26606,78.94463]]],[[[11.96694,78.98417],[11.99749,78.99439],[12.07784,78.99128],[12.16719,79.0019],[12.2325,78.98669],[12.20435,78.97285],[12.0478,78.95847],[12.05235,78.96186],[12.0084,78.9634],[11.96694,78.98417]]],[[[12.27104,78.98012],[12.26289,78.98735],[12.27233,78.98938],[12.28417,78.98366],[12.27104,78.98012]]],[[[12.07363,79.00116],[12.07792,79.00309],[12.08166,78.9994],[12.07363,79.00116]]],[[[12.1029,79.00337],[12.09153,79.00316],[12.11672,79.00472],[12.1029,79.00337]]],[[[10.98796,79.30634],[10.9956,79.30436],[10.98307,79.30238],[10.97466,79.30589],[10.98796,79.30634]]],[[[10.96693,79.30772],[10.96075,79.30724],[10.95629,79.31005],[10.96298,79.31006],[10.96693,79.30772]]],[[[11.56251,79.33191],[11.56706,79.3318],[11.56466,79.32972],[11.56251,79.33191]]],[[[10.92135,79.44985],[10.93803,79.44884],[10.92911,79.44901],[10.92135,79.44985]]],[[[10.9467,79.4512],[10.94076,79.4502],[10.93597,79.45195],[10.9467,79.4512]]],[[[10.93545,79.45322],[10.9249,79.45433],[10.9414,79.45384],[10.93545,79.45322]]],[[[12.67327,79.56522],[12.62426,79.56535],[12.64453,79.56615],[12.67327,79.56522]]],[[[12.69319,79.56545],[12.68784,79.56715],[12.70737,79.56708],[12.69319,79.56545]]],[[[12.64288,79.56787],[12.66086,79.56967],[12.66268,79.56915],[12.64288,79.56787]]],[[[12.68048,79.57369],[12.71106,79.57769],[12.72138,79.57355],[12.7129,79.57155],[12.68048,79.57369]]],[[[12.7463,79.62068],[12.76599,79.61953],[12.73604,79.61894],[12.7463,79.62068]]],[[[10.82891,79.62042],[10.83879,79.6195],[10.8272,79.61968],[10.82891,79.62042]]],[[[11.44896,79.6239],[11.46395,79.62384],[11.45385,79.62149],[11.44896,79.6239]]],[[[10.87646,79.64234],[10.91938,79.64228],[10.87406,79.6417],[10.87646,79.64234]]],[[[10.71974,79.65917],[10.70987,79.65727],[10.7036,79.65798],[10.71974,79.65917]]],[[[10.73527,79.68399],[10.75707,79.69162],[10.88187,79.69456],[10.72114,79.70879],[10.71253,79.71827],[10.83793,79.72658],[10.92771,79.71785],[10.94805,79.72505],[10.96703,79.72281],[10.95955,79.71402],[10.9865,79.70116],[11.03465,79.69474],[10.99697,79.69849],[11.01858,79.69467],[11.00856,79.69056],[11.01585,79.6872],[11.059,79.68929],[11.08392,79.66687],[10.97466,79.66228],[10.92154,79.64713],[10.75974,79.64733],[10.77098,79.65524],[10.72377,79.66018],[10.75931,79.66507],[10.74703,79.67416],[10.76755,79.68071],[10.73527,79.68399]]],[[[10.99972,79.71738],[10.99543,79.71341],[10.98513,79.71341],[10.99972,79.71738]]],[[[11.91306,79.74133],[11.92833,79.73985],[11.9092,79.74016],[11.91306,79.74133]]],[[[10.74454,79.77992],[10.73854,79.78207],[10.77278,79.78299],[10.89799,79.76758],[10.89638,79.75856],[10.93277,79.74763],[11.00581,79.7394],[10.99852,79.73524],[11.00418,79.73196],[10.7757,79.73948],[10.64824,79.75654],[10.74454,79.77992]]],[[[11.43041,79.78686],[11.41857,79.78777],[11.42077,79.78835],[11.43546,79.78781],[11.43041,79.78686]]],[[[11.43857,79.79268],[11.42574,79.79122],[11.42308,79.79164],[11.43857,79.79268]]],[[[11.83425,79.79384],[11.8418,79.79643],[11.85133,79.79346],[11.83425,79.79384]]],[[[11.42831,79.79661],[11.43268,79.79472],[11.42517,79.79494],[11.42831,79.79661]]],[[[11.35161,79.80969],[11.42156,79.78871],[11.29131,79.8057],[11.35161,79.80969]]],[[[11.52335,79.81636],[11.51519,79.81651],[11.51299,79.81874],[11.52335,79.81636]]],[[[11.4921,79.825],[11.5025,79.82689],[11.49933,79.82498],[11.4921,79.825]]],[[[11.54265,79.83216],[11.5414,79.84436],[11.63778,79.84374],[11.59169,79.83564],[11.5347,79.83017],[11.54265,79.83216]]],[[[11.30939,79.86775],[11.36304,79.84206],[11.31,79.83909],[11.25875,79.85217],[11.28433,79.857],[11.27035,79.86754],[11.30939,79.86775]]],[[[11.61435,79.85102],[11.56225,79.85502],[11.56869,79.86204],[11.64714,79.85622],[11.61435,79.85102]]],[[[11.49067,79.85112],[11.4755,79.84312],[11.42766,79.85041],[11.4711,79.87114],[11.49041,79.86859],[11.49067,79.85112]]],[[[11.26536,79.87093],[11.25695,79.87009],[11.25678,79.8716],[11.26536,79.87093]]],[[[11.49082,79.88594],[11.47044,79.88432],[11.47618,79.88538],[11.49082,79.88594]]],[[[16.39168,76.53781],[16.40148,76.54236],[16.40281,76.53686],[16.39919,76.53358],[16.39168,76.53781]]],[[[16.30688,76.55959],[16.3215,76.55245],[16.31072,76.55216],[16.29094,76.55966],[16.30688,76.55959]]],[[[16.35539,77.00411],[16.34982,77.00425],[16.34772,77.0076],[16.35539,77.00411]]],[[[16.37896,77.01272],[16.37242,77.00925],[16.36321,77.01258],[16.3672,77.01527],[16.37896,77.01272]]],[[[16.38603,77.01232],[16.38372,77.01596],[16.38927,77.01329],[16.38603,77.01232]]],[[[16.32652,77.02705],[16.34657,77.0134],[16.31707,77.02809],[16.32652,77.02705]]],[[[16.34817,77.04027],[16.37995,77.02037],[16.35143,77.03199],[16.34817,77.04027]]],[[[14.97305,77.05192],[14.94329,77.0597],[14.9468,77.06214],[14.97103,77.05951],[14.99005,77.06349],[14.9782,77.05887],[14.98959,77.05555],[14.97305,77.05192]]],[[[14.94215,77.06322],[14.89878,77.06855],[14.92699,77.06705],[14.94215,77.06322]]],[[[15.00024,77.06963],[14.98658,77.06711],[14.96957,77.06825],[14.98113,77.07156],[15.00024,77.06963]]],[[[15.02904,77.10191],[15.04687,77.10058],[15.04687,77.09986],[15.02904,77.10191]]],[[[14.54864,77.49704],[14.55907,77.49675],[14.53755,77.49431],[14.54864,77.49704]]],[[[15.76388,77.52805],[15.77815,77.52923],[15.78323,77.52751],[15.76388,77.52805]]],[[[15.00602,77.57063],[15.00772,77.56893],[15.00369,77.56758],[14.99517,77.56919],[15.00602,77.57063]]],[[[14.9169,77.6046],[14.91547,77.59117],[14.89883,77.60235],[14.9169,77.6046]]],[[[14.79261,77.68232],[14.82542,77.6795],[14.80964,77.67471],[14.79261,77.68232]]],[[[14.79439,77.69076],[14.80541,77.68891],[14.80591,77.6877],[14.79439,77.69076]]],[[[14.74534,77.70205],[14.78956,77.68806],[14.76692,77.68641],[14.66248,77.71322],[14.56738,77.74581],[14.59829,77.74384],[14.67007,77.72037],[14.78528,77.69553],[14.74534,77.70205]]],[[[14.23586,77.74771],[14.22524,77.75046],[14.24896,77.74726],[14.23586,77.74771]]],[[[13.71262,77.77346],[13.71724,77.7712],[13.70899,77.77145],[13.71262,77.77346]]],[[[15.51208,76.87816],[15.50039,76.89091],[15.53922,76.90623],[15.72113,76.92729],[15.7288,76.93414],[15.75848,76.93548],[15.75385,76.94882],[15.86722,76.93804],[15.90634,76.94597],[15.92195,76.95512],[15.91362,76.95831],[15.92963,76.96259],[16.02126,76.97043],[16.03084,76.96303],[16.06262,76.96574],[16.07647,76.97595],[16.13761,76.97141],[16.14173,76.96121],[16.15909,76.97104],[16.1852,76.96857],[16.22351,76.94652],[16.20543,76.93559],[16.25733,76.92549],[16.2493,76.91383],[16.34295,76.91177],[16.36226,76.91581],[16.26341,76.96943],[16.30152,76.97615],[16.37426,76.96],[16.38525,76.96221],[16.3672,76.97207],[16.37486,76.97956],[16.49393,76.98003],[16.53563,76.97036],[16.5503,76.95092],[16.56987,76.94567],[16.6042,76.95092],[16.61287,76.95923],[16.59089,76.983],[16.70325,76.98922],[16.67828,76.99891],[16.53683,77.00673],[16.71278,77.0464],[16.61038,77.06688],[16.48911,77.05189],[16.43065,77.09407],[16.39881,77.10478],[16.3286,77.1057],[16.29513,77.09472],[16.29564,77.08512],[16.34251,77.04615],[16.33306,77.04053],[16.3629,77.01782],[16.3553,77.01747],[16.31639,77.04165],[16.30935,77.03137],[16.24612,77.04325],[16.28363,77.02096],[16.26169,77.02167],[16.27981,77.01201],[16.24286,77.01715],[16.25738,77.00089],[16.24323,76.98928],[16.20404,77.00033],[16.20921,77.00453],[16.18183,77.02108],[16.05351,77.02265],[16.05757,77.02702],[16.03697,77.04477],[16.03532,77.06154],[16.05466,77.06886],[16.0155,77.07289],[16.05257,77.08281],[16.00726,77.08279],[15.93799,77.10174],[15.89344,77.09815],[15.95555,77.07915],[15.93493,77.0513],[15.88906,77.05856],[15.82776,77.08395],[15.824,77.0944],[15.75534,77.08983],[15.82939,77.04533],[15.9041,77.0262],[15.87173,77.0137],[15.77775,77.01806],[15.65818,76.99783],[15.6496,77.0026],[15.66384,77.00165],[15.65732,77.00769],[15.67457,77.01952],[15.61097,77.02403],[15.60207,77.00493],[15.55224,77.00333],[15.54473,76.99833],[15.55107,76.99458],[15.39132,76.99699],[15.18166,77.02175],[15.14122,77.03227],[15.15973,77.04385],[15.10616,77.0645],[15.15861,77.07278],[15.15044,77.0795],[15.06886,77.08897],[15.06306,77.10199],[15.02487,77.11063],[15.14826,77.14502],[15.11084,77.15447],[15.13161,77.15377],[15.10397,77.16334],[15.00338,77.17615],[14.95857,77.15863],[14.84356,77.1518],[14.78185,77.17884],[14.7555,77.18133],[14.75979,77.18402],[14.74511,77.19282],[14.74992,77.20074],[14.74271,77.20352],[14.63482,77.21203],[14.55242,77.20078],[14.65207,77.19768],[14.61894,77.19106],[14.5392,77.1863],[14.44573,77.16986],[14.44273,77.17072],[14.46427,77.17781],[14.43106,77.19024],[14.38385,77.19247],[14.34236,77.21276],[14.33779,77.22092],[14.34935,77.22532],[14.34583,77.23071],[14.30231,77.23998],[14.28652,77.25416],[14.32892,77.27219],[14.25467,77.28795],[14.16601,77.28714],[14.18507,77.29086],[14.12971,77.301],[14.15228,77.3082],[14.14327,77.31339],[14.15073,77.31955],[14.13983,77.32464],[14.15674,77.32782],[14.13074,77.35154],[14.08121,77.36191],[14.074,77.37929],[14.05503,77.39018],[13.98156,77.40054],[13.98972,77.40555],[13.93092,77.4184],[13.94345,77.42225],[13.93813,77.42818],[13.94757,77.43442],[13.9692,77.43752],[13.95333,77.44961],[14.05384,77.4501],[14.01706,77.47997],[13.89582,77.48915],[13.92367,77.51618],[13.90518,77.52504],[14.10716,77.56383],[14.35584,77.5788],[14.42761,77.56995],[14.4857,77.57247],[14.56524,77.54566],[14.56302,77.53136],[14.52123,77.5255],[14.57941,77.5208],[14.56685,77.51189],[14.49263,77.49579],[14.5044,77.49004],[14.61773,77.49615],[14.71505,77.48949],[14.76864,77.50185],[14.76527,77.5169],[14.74981,77.52417],[14.77031,77.53394],[14.75922,77.54101],[14.76796,77.54565],[14.89446,77.54645],[14.98794,77.56897],[15.02992,77.55271],[15.05829,77.5553],[15.1197,77.5406],[15.32595,77.5396],[15.44925,77.52196],[15.64766,77.53387],[15.81532,77.52467],[15.86494,77.50138],[15.92496,77.49511],[15.9902,77.47511],[16.06148,77.4967],[16.00288,77.51545],[15.96785,77.53543],[15.91932,77.546],[15.91538,77.54987],[15.93051,77.55466],[15.90348,77.55985],[15.6435,77.58272],[15.46224,77.58239],[15.3471,77.60059],[15.25851,77.595],[15.2116,77.60785],[15.01618,77.60459],[14.9208,77.6213],[14.89656,77.61663],[14.90738,77.61],[14.87898,77.60909],[14.84611,77.63301],[14.72646,77.6499],[14.73288,77.65728],[14.8198,77.66246],[14.84048,77.66799],[14.84248,77.67712],[15.04395,77.68803],[15.16081,77.7105],[15.37052,77.72376],[15.39964,77.73571],[15.57036,77.74005],[15.62148,77.74808],[15.74814,77.74436],[15.77885,77.75733],[15.95919,77.7555],[16.01197,77.7682],[16.0852,77.76538],[16.27902,77.78139],[16.30616,77.80287],[16.33238,77.81196],[16.46924,77.79498],[16.76094,77.81394],[16.99727,77.7868],[17.04236,77.77348],[17.16503,77.76128],[17.19529,77.76698],[17.17041,77.77894],[16.91694,77.81575],[16.80845,77.83929],[16.79502,77.86764],[16.7434,77.88165],[16.7604,77.88766],[16.76627,77.88605],[16.75929,77.88112],[16.797,77.87741],[16.76506,77.88726],[16.79195,77.88775],[16.84783,77.87077],[16.95671,77.89887],[16.85434,77.91656],[16.79697,77.91688],[16.74594,77.90652],[16.7426,77.89865],[16.752,77.89398],[16.67938,77.88061],[16.66648,77.87411],[16.68673,77.86654],[16.6427,77.85706],[16.49112,77.85651],[16.42186,77.84768],[16.3072,77.85879],[16.25262,77.85058],[16.09381,77.84698],[16.0381,77.83482],[15.98787,77.84151],[15.89851,77.82602],[15.70608,77.83609],[15.6299,77.85149],[15.33453,77.86875],[15.22973,77.83193],[15.08407,77.79842],[14.81963,77.7879],[14.66039,77.76328],[14.52508,77.79471],[14.50348,77.78718],[14.59102,77.7622],[14.62263,77.76248],[14.60904,77.75776],[14.49858,77.75988],[14.39539,77.75044],[14.33857,77.75909],[14.2508,77.75424],[14.2145,77.76825],[14.11443,77.77094],[14.03128,77.76292],[14.01396,77.75683],[14.02651,77.74675],[13.9743,77.74206],[13.9685,77.72799],[13.94351,77.71879],[13.89351,77.7252],[13.90183,77.72881],[13.89912,77.73613],[13.84847,77.74467],[13.79805,77.74237],[13.76174,77.73041],[13.72747,77.73748],[13.73419,77.74119],[13.72881,77.7489],[13.70716,77.75528],[13.73271,77.75934],[13.727,77.76538],[13.73308,77.7688],[13.72062,77.77114],[13.77695,77.7774],[13.81095,77.79017],[13.81697,77.80506],[13.76993,77.82603],[13.65234,77.83644],[13.63317,77.84476],[13.65884,77.85531],[13.64077,77.87489],[13.66968,77.8768],[13.67809,77.88985],[13.63639,77.90705],[13.64043,77.91769],[13.61421,77.93911],[13.60944,77.95366],[13.62295,77.96494],[13.61897,77.97105],[13.62777,77.97583],[13.62218,77.97761],[13.64262,77.98715],[13.61761,77.99678],[13.61982,78.01342],[13.62777,78.01594],[13.62217,78.02798],[13.57486,78.05335],[13.60608,78.06433],[13.65049,78.06244],[13.7116,78.08089],[13.79333,78.0856],[13.80902,78.0955],[13.94595,78.1006],[14.07052,78.0634],[14.10233,78.0483],[14.09311,78.04478],[14.10001,78.03864],[14.19639,78.00592],[14.1789,78.0008],[14.22128,77.98413],[14.21729,77.97775],[14.23815,77.96748],[14.28038,77.96296],[14.32267,77.97027],[14.30732,77.97483],[14.31656,77.98115],[14.3021,77.9853],[14.29111,78.00165],[14.31433,78.00935],[14.29008,78.0203],[14.30056,78.02769],[14.21044,78.04283],[14.21821,78.0466],[14.1674,78.09711],[14.19441,78.10497],[14.32016,78.10667],[14.46669,78.0978],[14.81469,78.12297],[14.90882,78.10103],[15.0023,78.10586],[15.02223,78.11313],[14.98595,78.1309],[14.9835,78.14582],[15.3465,78.24137],[15.41671,78.25205],[15.49364,78.25096],[15.55338,78.2463],[15.53668,78.23987],[15.57678,78.23114],[15.67834,78.22198],[15.75508,78.23312],[15.56145,78.28615],[15.58764,78.30215],[15.64775,78.31837],[15.77108,78.34196],[15.83984,78.35138],[16.01318,78.35297],[16.13913,78.36391],[16.21848,78.35092],[16.3319,78.35178],[16.47137,78.33399],[16.53173,78.34233],[16.61815,78.33304],[16.84143,78.33963],[17.0806,78.39202],[17.17889,78.40055],[17.23638,78.41507],[17.37316,78.42241],[17.36935,78.42699],[17.41548,78.44253],[17.35416,78.45511],[17.26623,78.4444],[17.18754,78.44567],[17.08711,78.43201],[17.07046,78.42328],[16.99609,78.42198],[16.90994,78.40767],[16.91027,78.40024],[16.89817,78.39787],[16.84043,78.39575],[16.84934,78.38476],[16.61378,78.41143],[16.58979,78.41847],[16.59542,78.42827],[16.59038,78.43353],[16.55473,78.44701],[16.40696,78.43331],[16.28655,78.45652],[16.37625,78.46202],[16.44705,78.49987],[16.45585,78.51022],[16.45607,78.53319],[16.50092,78.53617],[16.53826,78.55215],[16.54591,78.56217],[16.53498,78.56868],[16.53877,78.57739],[16.64332,78.59425],[16.65744,78.61218],[16.68033,78.61576],[16.73697,78.64413],[16.91028,78.63788],[16.95263,78.63993],[16.96535,78.64739],[16.89841,78.65438],[16.92616,78.65874],[16.89986,78.66992],[16.63033,78.6716],[16.62087,78.69332],[16.6064,78.70114],[16.58549,78.70966],[16.54117,78.71174],[16.50016,78.71071],[16.46199,78.699],[16.44875,78.69098],[16.45925,78.68571],[16.44944,78.67554],[16.45516,78.67219],[16.43677,78.66014],[16.35531,78.65145],[16.3919,78.60943],[16.29502,78.56661],[16.30667,78.56383],[16.24645,78.54966],[16.071,78.52401],[16.01476,78.53404],[16.00579,78.53184],[16.00669,78.52285],[16.03364,78.50854],[15.93692,78.48239],[15.71539,78.47242],[15.58518,78.457],[15.43433,78.45911],[15.30226,78.49377],[15.2532,78.52259],[15.24444,78.536],[15.25184,78.54186],[15.2371,78.55847],[15.23424,78.57497],[15.17701,78.58365],[15.16583,78.59423],[15.12609,78.6019],[15.17341,78.59708],[15.18421,78.59202],[15.17429,78.58989],[15.17892,78.58736],[15.20002,78.58656],[15.24047,78.59299],[15.22655,78.60007],[15.16642,78.59986],[15.1965,78.60577],[15.35515,78.61066],[15.45466,78.63867],[15.43207,78.65098],[15.47504,78.66925],[15.45725,78.67514],[15.47626,78.68818],[15.45469,78.69602],[15.48107,78.70421],[15.46038,78.71233],[15.48372,78.71786],[15.50158,78.74162],[15.45081,78.74976],[15.43314,78.75968],[15.43477,78.77393],[15.39072,78.77707],[15.43661,78.79077],[15.43115,78.80231],[15.44791,78.81452],[15.43663,78.83108],[15.37965,78.82352],[15.33523,78.82944],[15.33789,78.83533],[15.33048,78.83897],[15.31721,78.83234],[15.32073,78.82562],[15.25185,78.81732],[15.23547,78.79508],[15.20857,78.7822],[15.21092,78.77474],[15.16805,78.76708],[15.17427,78.7543],[15.15683,78.73057],[15.20199,78.72038],[15.16479,78.71305],[15.17353,78.7087],[15.1613,78.70493],[15.19795,78.69456],[15.17632,78.68724],[15.18512,78.67786],[15.24625,78.65241],[15.13097,78.65597],[15.059,78.64453],[15.04837,78.63283],[14.98011,78.63004],[14.95953,78.62099],[15.00541,78.60188],[14.93715,78.58785],[14.91956,78.59841],[14.89008,78.60019],[14.85937,78.61318],[14.81752,78.61857],[14.82418,78.62289],[14.81963,78.62617],[14.75672,78.63847],[14.76002,78.64981],[14.84969,78.66351],[14.82706,78.66721],[14.83166,78.67772],[14.82334,78.68677],[14.82976,78.70038],[14.80456,78.70937],[14.81858,78.71932],[14.78582,78.72819],[14.72014,78.73187],[14.70374,78.72634],[14.68947,78.73248],[14.67442,78.72469],[14.63777,78.73448],[14.63122,78.73034],[14.63847,78.72742],[14.64079,78.71051],[14.6106,78.70259],[14.62772,78.70208],[14.6232,78.69854],[14.4979,78.68259],[14.38873,78.70661],[14.36472,78.70475],[14.33098,78.72052],[14.33906,78.72219],[14.29783,78.73208],[14.25922,78.7303],[14.28872,78.7076],[14.33321,78.69264],[14.32043,78.69223],[14.35704,78.68907],[14.41681,78.6699],[14.50815,78.65953],[14.53286,78.64902],[14.54093,78.6423],[14.52092,78.63172],[14.534,78.62237],[14.51479,78.59951],[14.53447,78.59067],[14.52694,78.58412],[14.5393,78.56919],[14.59434,78.54948],[14.55404,78.54967],[14.59244,78.54259],[14.58203,78.54174],[14.31505,78.55641],[14.24466,78.54707],[14.2265,78.53662],[14.39974,78.51348],[14.42621,78.51383],[14.27819,78.49816],[14.23849,78.48877],[14.2154,78.47278],[14.51897,78.46939],[14.5104,78.46764],[14.62768,78.44959],[14.64575,78.44039],[14.65012,78.42488],[14.76423,78.38789],[14.76229,78.37855],[14.77214,78.37486],[14.75828,78.37367],[14.76492,78.37511],[14.72438,78.38937],[14.7082,78.3824],[14.60901,78.3759],[14.46413,78.39171],[14.42153,78.38338],[14.41779,78.3744],[14.43372,78.36836],[14.4166,78.36726],[14.36928,78.38551],[14.29713,78.40006],[14.08993,78.43],[14.03197,78.40734],[14.17097,78.38237],[14.19525,78.37278],[14.19811,78.36463],[14.0389,78.36713],[14.00638,78.36389],[14.05006,78.36315],[14.00522,78.35513],[14.11348,78.35593],[14.12186,78.34721],[14.16656,78.33653],[14.23972,78.34386],[14.24374,78.33996],[14.2288,78.33428],[14.30555,78.31655],[14.28975,78.30954],[14.30535,78.30322],[14.13568,78.28172],[14.08705,78.26166],[14.11146,78.25402],[14.07554,78.24609],[14.0518,78.25099],[14.04421,78.26355],[14.04935,78.27923],[14.06015,78.28378],[14.02604,78.27717],[14.03081,78.28341],[14.01477,78.29012],[13.9157,78.30777],[13.84528,78.30193],[13.94689,78.27976],[13.93577,78.27283],[13.94048,78.26948],[13.9137,78.26447],[13.93119,78.24478],[13.91856,78.22489],[13.77373,78.26941],[13.78195,78.26976],[13.69538,78.27311],[13.72382,78.25387],[13.82658,78.22829],[13.84394,78.21285],[13.79043,78.20272],[13.56593,78.19933],[13.23374,78.21913],[13.14608,78.23173],[13.07848,78.22673],[13.05305,78.21675],[13.05942,78.2081],[12.97338,78.20336],[12.93754,78.22236],[12.94176,78.22747],[12.93387,78.2322],[12.88385,78.25116],[12.92252,78.25913],[12.92354,78.26476],[12.89846,78.26665],[12.92236,78.27261],[12.92654,78.28154],[12.91605,78.28579],[12.9373,78.28718],[12.93883,78.2961],[12.90988,78.29857],[12.91501,78.30162],[12.90441,78.30779],[12.9095,78.31137],[12.89036,78.31618],[12.84731,78.31398],[12.82851,78.32887],[12.89309,78.31799],[12.85524,78.34435],[12.87598,78.34855],[12.87346,78.35619],[12.77955,78.3702],[12.69194,78.36286],[12.62789,78.37738],[12.50633,78.41418],[12.34784,78.48569],[12.38112,78.49565],[12.51373,78.50349],[12.84456,78.49882],[13.04442,78.51775],[13.10662,78.51635],[13.24146,78.54082],[13.26032,78.55407],[13.29028,78.55925],[13.30216,78.5782],[13.23131,78.58046],[13.17377,78.56567],[13.14667,78.56944],[13.12907,78.58375],[13.10006,78.58526],[13.07011,78.57763],[13.0915,78.57094],[13.10149,78.5585],[13.07534,78.54614],[12.94269,78.53178],[12.87107,78.54782],[12.86132,78.54641],[12.88856,78.52824],[12.84959,78.52303],[12.55324,78.54123],[12.37764,78.54133],[12.3505,78.56258],[12.4409,78.56572],[12.45233,78.56832],[12.4419,78.57359],[12.44997,78.57792],[12.49117,78.58447],[12.43955,78.59605],[12.19945,78.58911],[12.01169,78.60774],[11.95093,78.62794],[11.88125,78.63858],[11.88328,78.65202],[11.83477,78.66185],[11.81405,78.67826],[11.92822,78.69176],[11.94605,78.70276],[11.89927,78.71522],[11.75716,78.70442],[11.60358,78.73058],[11.39674,78.72353],[11.52294,78.73374],[11.61495,78.752],[11.68224,78.7859],[11.6783,78.79061],[11.69014,78.80075],[11.75992,78.82328],[11.90433,78.81477],[11.92746,78.82221],[11.83468,78.84875],[11.7146,78.85251],[11.59237,78.86899],[11.41222,78.92484],[11.33858,78.93825],[11.33986,78.94726],[11.31717,78.96437],[11.48145,78.97392],[11.874,78.94596],[11.86578,78.9307],[11.9389,78.9285],[11.97688,78.91632],[12.07224,78.91533],[12.23555,78.89035],[12.35221,78.89201],[12.35871,78.88448],[12.48668,78.87118],[12.54682,78.8568],[12.59162,78.8568],[12.56835,78.87721],[12.58904,78.8847],[12.51741,78.89709],[12.65239,78.91063],[12.57085,78.93043],[12.55754,78.92548],[12.5501,78.90996],[12.50098,78.91024],[12.45882,78.91491],[12.4542,78.92568],[12.43728,78.93116],[12.43036,78.94493],[12.43592,78.95714],[12.46682,78.97139],[12.60767,78.95877],[12.60183,78.97196],[12.53798,78.9832],[12.54338,78.98596],[12.52742,78.99756],[12.37436,78.99226],[12.24366,79.00213],[12.13131,79.0226],[12.03466,79.01337],[12.04024,79.0057],[12.02419,79.00319],[11.98969,79.0038],[11.95287,79.00778],[11.95167,79.01668],[11.93115,79.02179],[11.8188,79.03463],[11.74198,79.05634],[11.64559,79.06784],[11.72971,79.08482],[11.74121,79.09575],[11.77022,79.09674],[11.77932,79.10124],[11.78031,79.11286],[11.80412,79.11851],[11.84378,79.11913],[11.81528,79.11404],[11.91356,79.10324],[11.96368,79.10697],[11.95707,79.11671],[11.80927,79.13739],[11.86635,79.16803],[11.87459,79.18524],[11.90755,79.19551],[12.01123,79.20309],[12.1744,79.19138],[12.28271,79.20204],[12.25954,79.2101],[12.12676,79.20515],[11.99432,79.22164],[12.07071,79.25371],[12.18761,79.26731],[12.02763,79.26792],[12.04591,79.27514],[12.03904,79.28046],[12.17963,79.30643],[12.15526,79.31573],[11.92386,79.27897],[11.93021,79.27599],[11.86232,79.28823],[11.82369,79.28631],[11.81614,79.27889],[11.82326,79.26571],[11.84815,79.25035],[11.86987,79.2235],[11.80927,79.21553],[11.74936,79.23856],[11.67924,79.3032],[11.69289,79.31776],[11.79485,79.32408],[11.78447,79.32754],[11.82404,79.33446],[11.82873,79.34119],[11.76068,79.34704],[11.73253,79.36355],[11.688,79.36771],[11.53277,79.36074],[11.51599,79.35004],[11.46535,79.34687],[11.46003,79.34425],[11.47522,79.33676],[11.44638,79.33048],[11.5323,79.31708],[11.53281,79.30434],[11.54509,79.3018],[11.56191,79.2784],[11.48912,79.26686],[11.57762,79.26651],[11.66971,79.21194],[11.67727,79.20421],[11.67226,79.18978],[11.64624,79.18507],[11.66739,79.17835],[11.65615,79.1613],[11.61152,79.15424],[11.55393,79.16166],[11.56594,79.16001],[11.54689,79.15644],[11.56208,79.15382],[11.55925,79.14925],[11.60705,79.14839],[11.4051,79.10786],[11.17172,79.11384],[11.19155,79.13258],[11.16898,79.14639],[11.15902,79.17322],[11.1694,79.17715],[11.16537,79.18463],[11.1373,79.20042],[11.14614,79.20375],[11.14022,79.21185],[11.1543,79.21668],[11.12486,79.22445],[11.10126,79.24782],[11.03345,79.25883],[11.01912,79.26734],[11.03053,79.27273],[11.02186,79.27469],[11.02684,79.27578],[11.02118,79.28328],[10.97757,79.30084],[11.04435,79.30653],[10.93456,79.31339],[10.85966,79.33118],[10.84539,79.34333],[10.85793,79.35139],[10.8399,79.36094],[10.84514,79.36675],[10.97972,79.37679],[10.88805,79.38613],[10.84505,79.40182],[10.83956,79.41257],[10.90805,79.41969],[10.94213,79.41567],[10.92908,79.42012],[10.90479,79.4201],[10.89467,79.43332],[10.96702,79.44085],[10.95913,79.44576],[10.99944,79.44399],[10.98594,79.45337],[10.99735,79.45619],[10.94173,79.45894],[10.99212,79.46839],[10.91245,79.47223],[10.82728,79.49047],[10.91002,79.49199],[10.90642,79.49717],[10.82213,79.50332],[10.80565,79.49366],[10.80565,79.50139],[10.78952,79.5051],[10.70094,79.51193],[10.6691,79.5279],[10.71287,79.52534],[10.72094,79.53092],[10.66395,79.53058],[10.65348,79.53376],[10.64798,79.54788],[10.71639,79.56089],[10.92273,79.55947],[10.93217,79.55628],[10.92058,79.55722],[10.92376,79.54673],[10.95526,79.53674],[10.97697,79.53979],[10.97294,79.54682],[10.98427,79.55563],[10.97663,79.55683],[11.02555,79.56202],[11.06461,79.55411],[11.2809,79.54547],[11.25875,79.55467],[10.90075,79.58542],[10.82008,79.59924],[10.91111,79.62766],[11.02298,79.64606],[11.13332,79.63523],[11.11207,79.6372],[11.10005,79.62931],[11.1367,79.6218],[11.16872,79.62427],[11.15413,79.62943],[11.18777,79.63547],[11.25318,79.62908],[11.33846,79.63262],[11.4493,79.61303],[11.46157,79.61386],[11.45943,79.62024],[11.55146,79.6081],[11.5523,79.61424],[11.54231,79.61606],[11.55284,79.61977],[11.52176,79.62269],[11.5977,79.62994],[11.39864,79.64763],[11.40621,79.6553],[11.3942,79.65927],[11.34587,79.64842],[11.28922,79.6668],[11.3027,79.66968],[11.26837,79.67212],[11.2191,79.68923],[11.32905,79.69344],[11.32484,79.70005],[11.19604,79.70054],[11.16787,79.71535],[11.25038,79.71799],[11.16022,79.72672],[11.17292,79.74996],[11.31454,79.74972],[11.18202,79.76618],[11.17912,79.77763],[11.20318,79.78243],[11.37471,79.78072],[11.50677,79.73909],[11.56861,79.74533],[11.56055,79.74973],[11.5808,79.74858],[11.494,79.76932],[11.53308,79.77155],[11.50855,79.78205],[11.5134,79.78771],[11.50284,79.79607],[11.47423,79.806],[11.55212,79.81289],[11.56397,79.80884],[11.55324,79.80436],[11.58955,79.79547],[11.57392,79.80523],[11.60954,79.81267],[11.58525,79.81675],[11.61169,79.82116],[11.60113,79.82641],[11.61178,79.82847],[11.81571,79.84215],[11.84553,79.81924],[11.76301,79.81587],[11.8424,79.81734],[11.86577,79.80595],[11.78267,79.79414],[11.79472,79.7922],[11.75838,79.79532],[11.75383,79.78996],[11.77786,79.78701],[11.74258,79.78095],[11.91579,79.78562],[11.95258,79.76845],[11.90866,79.76538],[11.94789,79.76141],[11.93424,79.75808],[11.93785,79.75235],[11.93141,79.75097],[11.94119,79.74886],[11.87716,79.74391],[11.88704,79.74061],[11.87588,79.73813],[11.983,79.73383],[12.00694,79.71599],[12.02462,79.71491],[11.95189,79.70833],[12.02789,79.70508],[12.00631,79.69747],[12.01484,79.69614],[12.00823,79.68998],[11.98196,79.68493],[12.06006,79.67789],[12.04308,79.67315],[12.0514,79.6585],[12.03647,79.65314],[12.09792,79.64713],[12.11226,79.65363],[12.12513,79.66383],[12.12273,79.67192],[12.13511,79.67477],[12.115,79.7026],[12.12728,79.70679],[12.19002,79.6927],[12.19946,79.67959],[12.24141,79.67621],[12.15972,79.64435],[12.24212,79.63748],[12.32048,79.66958],[12.32554,79.67598],[12.30881,79.68056],[12.32245,79.6893],[12.31593,79.69199],[12.3276,79.69384],[12.3051,79.69818],[12.29859,79.70317],[12.30263,79.71054],[12.26209,79.73663],[12.16195,79.74891],[12.21542,79.74848],[12.15629,79.75955],[12.18427,79.77075],[12.11904,79.79516],[12.15766,79.80144],[12.16564,79.81118],[12.16144,79.81596],[12.20246,79.81787],[12.19817,79.82367],[12.1744,79.82009],[12.17359,79.82379],[12.19199,79.83362],[12.18152,79.83532],[12.19311,79.84009],[12.33052,79.83166],[12.37778,79.83353],[12.3949,79.84123],[12.39962,79.83935],[12.38889,79.83717],[12.40282,79.83254],[12.40322,79.82576],[12.39026,79.82054],[12.47214,79.80307],[12.40374,79.79878],[12.38305,79.79007],[12.38786,79.78537],[12.4318,79.78465],[12.43661,79.78103],[12.43086,79.7772],[12.4385,79.77713],[12.4449,79.78406],[12.46013,79.78218],[12.43987,79.78671],[12.45051,79.79176],[12.41876,79.79671],[12.47334,79.79576],[12.46167,79.80108],[12.4839,79.79345],[12.49806,79.77478],[12.54124,79.7675],[12.49064,79.75699],[12.51617,79.75377],[12.59646,79.76204],[12.53124,79.7654],[12.60159,79.76277],[12.66617,79.77807],[12.84008,79.77755],[12.94338,79.80414],[13.06308,79.82336],[13.16898,79.82204],[13.20609,79.83112],[13.25485,79.82917],[13.37052,79.85384],[13.48526,79.85158],[13.7673,79.87852],[13.87139,79.86054],[13.86542,79.85835],[13.88185,79.8394],[13.90898,79.83165],[13.89106,79.82523],[13.96323,79.80481],[13.91067,79.79138],[13.94243,79.77717],[13.91017,79.77418],[13.89008,79.75787],[13.84751,79.74817],[13.86543,79.74001],[13.85398,79.73833],[13.86237,79.73492],[13.85371,79.73106],[13.6574,79.69878],[13.69397,79.69178],[13.74224,79.69881],[13.71571,79.68864],[13.3927,79.69512],[13.33959,79.70562],[13.35354,79.69916],[13.30889,79.69666],[13.24595,79.70832],[13.1668,79.69276],[13.01717,79.69308],[12.9742,79.68606],[12.99942,79.67008],[12.99191,79.66813],[12.7993,79.62633],[12.74685,79.62651],[12.71003,79.61348],[12.62501,79.60533],[12.64633,79.59977],[12.67439,79.60496],[12.67032,79.59758],[12.59999,79.58814],[12.60524,79.58678],[12.51226,79.59277],[12.43534,79.58598],[12.33717,79.60039],[12.28952,79.58879],[12.42607,79.56856],[12.40608,79.55366],[12.37099,79.54981],[12.40548,79.54609],[12.32337,79.52285],[12.34615,79.5183],[12.33919,79.5116],[12.34664,79.50869],[12.58759,79.51347],[12.59685,79.51872],[12.59555,79.53889],[12.72933,79.56757],[12.73585,79.57721],[12.78355,79.57833],[12.79934,79.56989],[12.83524,79.56817],[12.92308,79.57256],[13.05037,79.59171],[13.1917,79.59444],[13.44716,79.5744],[13.47765,79.56461],[13.32579,79.51602],[13.21303,79.51998],[13.26583,79.49986],[13.26948,79.49235],[13.23653,79.48468],[13.22333,79.47748],[13.22419,79.46852],[13.19284,79.46232],[13.35505,79.45186],[13.38682,79.44348],[13.37687,79.44105],[13.3824,79.43477],[13.40173,79.4325],[13.38792,79.42694],[13.41906,79.42657],[13.44656,79.43593],[13.44992,79.44899],[13.42542,79.46454],[13.38113,79.47254],[13.42902,79.48395],[13.51438,79.48428],[13.68637,79.44908],[13.67641,79.44416],[13.69227,79.43476],[13.74775,79.43232],[13.73925,79.42893],[13.74746,79.42464],[13.73327,79.42227],[13.74124,79.41309],[13.85403,79.37393],[13.90613,79.36742],[13.88859,79.36186],[13.88859,79.35451],[13.90559,79.34751],[13.88601,79.34307],[13.90164,79.33796],[13.8759,79.33115],[13.87926,79.32705],[13.86498,79.31944],[13.89052,79.31161],[13.85878,79.30553],[13.86836,79.30088],[13.84048,79.28381],[13.91575,79.27922],[14.02358,79.29844],[14.06927,79.321],[14.11424,79.3293],[14.12198,79.34201],[14.0855,79.3533],[14.10384,79.36462],[14.07146,79.37964],[13.95888,79.39303],[14.00629,79.41282],[13.94599,79.41843],[14.01038,79.44169],[13.97576,79.45188],[13.95187,79.46947],[13.84712,79.48519],[13.91468,79.49739],[13.85565,79.51501],[13.86841,79.52506],[13.86343,79.52738],[13.80972,79.53272],[13.88526,79.56653],[14.05024,79.60713],[14.20811,79.60683],[14.21476,79.61501],[14.19339,79.62144],[14.10406,79.63214],[14.16972,79.65275],[14.30624,79.65894],[14.26797,79.66686],[14.21504,79.6653],[14.18534,79.67576],[14.35108,79.72782],[14.35763,79.73208],[14.34879,79.73569],[14.36311,79.74777],[14.44555,79.7758],[14.45555,79.79012],[14.47257,79.79628],[14.53343,79.8033],[14.55154,79.79649],[14.72494,79.78805],[14.94109,79.7302],[14.94747,79.72638],[14.92928,79.72021],[15.03061,79.69013],[15.01505,79.68632],[15.01892,79.67765],[15.06819,79.65811],[15.05751,79.65294],[15.062,79.64815],[15.15331,79.61585],[15.2771,79.60579],[15.21879,79.59091],[15.22763,79.58092],[15.21928,79.56856],[15.22743,79.56462],[15.22457,79.54862],[15.24031,79.53818],[15.21315,79.52202],[15.22891,79.51456],[15.34854,79.50158],[15.33065,79.4776],[15.33621,79.47089],[15.40227,79.46606],[15.37502,79.45674],[15.3833,79.44033],[15.3987,79.43105],[15.38569,79.42059],[15.42351,79.40005],[15.41418,79.39665],[15.41958,79.38424],[15.40973,79.37088],[15.39438,79.36265],[15.47326,79.34628],[15.46815,79.33921],[15.47823,79.32691],[15.51141,79.31143],[15.58917,79.29957],[15.56039,79.29363],[15.57396,79.28208],[15.5998,79.27715],[15.59214,79.27087],[15.63884,79.25571],[15.71312,79.24676],[15.75664,79.22877],[15.71448,79.21407],[15.74496,79.21005],[15.74157,79.20465],[15.72135,79.20313],[15.73012,79.21085],[15.71371,79.21222],[15.7121,79.21352],[15.71552,79.20878],[15.69261,79.20676],[15.69607,79.20125],[15.71986,79.20368],[15.68371,79.19802],[15.67646,79.19428],[15.67776,79.18517],[15.58361,79.15506],[15.61531,79.14426],[15.59828,79.13855],[15.60529,79.12642],[15.59892,79.12255],[15.62715,79.1162],[15.64169,79.10046],[15.63256,79.10126],[15.6486,79.09732],[15.61869,79.09551],[15.6834,79.09158],[15.70005,79.08237],[15.69029,79.07574],[15.71184,79.07766],[15.71038,79.09089],[15.71903,79.08988],[15.71574,79.09542],[15.72509,79.10193],[15.68242,79.11028],[15.72177,79.13503],[15.71066,79.13608],[15.7663,79.15669],[15.82235,79.16532],[15.93383,79.12886],[16.02455,79.07699],[16.01343,79.07745],[16.017,79.07364],[16.05988,79.05785],[16.04083,79.05863],[16.05567,79.04689],[16.06709,79.04798],[16.05379,79.05156],[16.06047,79.05059],[16.05975,79.05288],[16.08261,79.04604],[16.06146,79.04492],[16.08003,79.03774],[16.06728,79.03556],[16.07505,79.02857],[16.0698,79.0174],[16.12266,79.00351],[16.12305,78.99384],[16.15693,78.96844],[16.20815,78.94967],[16.28027,78.93669],[16.28798,78.9255],[16.27701,78.9253],[16.31214,78.9132],[16.39439,78.90091],[16.37751,78.89419],[16.39321,78.89304],[16.38558,78.88761],[16.3994,78.88132],[16.51997,78.89498],[16.49102,78.90144],[16.52592,78.90802],[16.49468,78.91658],[16.51348,78.92172],[16.50611,78.92886],[16.42784,78.94265],[16.46935,78.9399],[16.46412,78.94322],[16.50098,78.9532],[16.45817,78.95771],[16.45805,78.96557],[16.44667,78.96949],[16.45289,78.97251],[16.39078,78.9632],[16.41012,78.95773],[16.38986,78.95966],[16.37461,78.96444],[16.37502,78.98262],[16.35384,78.99254],[16.36182,79.01483],[16.33305,79.02636],[16.33471,79.03479],[16.28096,79.04568],[16.30186,79.05703],[16.26106,79.08058],[16.25875,79.09567],[16.22473,79.10548],[16.23625,79.11111],[16.17456,79.11783],[16.18164,79.12101],[16.16378,79.12743],[16.17247,79.13762],[16.12966,79.16813],[16.10784,79.2028],[16.11405,79.21827],[16.03191,79.25777],[16.03871,79.26271],[15.93934,79.29372],[15.93536,79.30608],[15.95125,79.31635],[15.94004,79.31941],[15.94073,79.33145],[15.9171,79.366],[15.93201,79.37365],[15.90498,79.40132],[15.91259,79.40625],[15.90746,79.42769],[15.889,79.43861],[15.89607,79.44323],[15.88992,79.44899],[15.87928,79.45057],[15.88817,79.45323],[15.8848,79.46814],[15.86615,79.47333],[15.87659,79.4889],[15.86226,79.49241],[15.86719,79.49615],[15.85569,79.51205],[15.83786,79.51628],[15.84964,79.52215],[15.83514,79.54164],[15.91776,79.55029],[15.81746,79.56277],[15.82832,79.56506],[15.82355,79.57597],[15.80113,79.59239],[15.80584,79.5951],[15.77951,79.62328],[15.82694,79.63359],[15.78499,79.6427],[15.79004,79.6456],[15.71523,79.64128],[15.74218,79.65847],[15.69676,79.68652],[15.66616,79.68905],[15.70697,79.70127],[15.69147,79.70989],[15.69431,79.71785],[15.66592,79.73227],[15.654,79.747],[15.65911,79.74976],[15.64253,79.75638],[15.65198,79.75892],[15.64454,79.76434],[15.66079,79.76512],[15.6332,79.77075],[15.68137,79.77841],[15.62473,79.78533],[15.63189,79.78816],[15.60518,79.79982],[15.62609,79.80775],[15.61366,79.81462],[15.63707,79.81587],[15.62141,79.82091],[15.63842,79.82634],[15.616,79.83678],[15.62478,79.83797],[15.61794,79.84169],[15.65805,79.84579],[15.64235,79.84913],[15.64724,79.85593],[15.63197,79.86388],[15.70052,79.875],[15.69381,79.87655],[15.99311,79.86551],[16.0641,79.87529],[16.05549,79.87235],[16.03,79.86794],[15.99111,79.86509],[16.12612,79.86194],[16.11864,79.87102],[16.07086,79.87713],[16.08143,79.87905],[16.07565,79.8793],[16.06141,79.87573],[16.07354,79.87978],[16.09581,79.88129],[16.09222,79.88643],[16.03968,79.88617],[16.04959,79.89034],[16.00852,79.8939],[16.00146,79.89616],[16.00591,79.90022],[15.95429,79.91221],[15.95981,79.91625],[15.94557,79.92247],[15.90832,79.92943],[15.95035,79.93944],[15.92728,79.94706],[15.93851,79.94861],[15.92802,79.95369],[15.93402,79.95586],[15.92117,79.95701],[15.96464,79.97029],[15.9439,79.97507],[15.98783,79.97501],[16.00595,79.98468],[16.0008,79.98665],[16.02521,79.99229],[15.9857,80.00073],[16.01542,80.0052],[16.04119,80.02036],[16.10484,80.02409],[16.16249,80.0388],[16.15036,80.04177],[16.16503,80.04654],[16.15324,80.0505],[16.1957,80.04933],[16.24427,80.06233],[16.32807,80.05576],[16.36635,80.04443],[16.52337,80.04539],[16.5541,80.03937],[16.54849,80.0334],[16.5583,80.02911],[16.54813,80.01724],[16.55647,80.00049],[16.5955,79.97063],[16.68749,79.95023],[16.73949,79.94702],[16.65422,79.92524],[16.66725,79.91235],[16.71914,79.90049],[16.71942,79.89252],[16.78742,79.88733],[16.76879,79.88434],[16.77941,79.87797],[16.89902,79.86608],[16.92739,79.87055],[16.9104,79.88619],[16.89298,79.89039],[16.88615,79.90234],[16.85592,79.91661],[16.82907,79.91915],[16.89957,79.92857],[16.90031,79.94334],[16.99983,79.95576],[17.12245,79.95391],[17.24463,79.93662],[17.39452,79.92907],[17.37152,79.91993],[17.40141,79.91323],[17.40048,79.90426],[17.41448,79.89922],[17.58094,79.89111],[17.59091,79.88001],[17.75954,79.83418],[17.69971,79.81573],[17.71814,79.80908],[17.83291,79.81529],[17.82721,79.80986],[17.83696,79.80151],[17.88569,79.79092],[17.91944,79.76885],[17.96064,79.76212],[18.00382,79.74159],[17.99489,79.73999],[18.00139,79.7285],[18.03696,79.71961],[18.02885,79.71421],[18.03696,79.70592],[18.01164,79.6985],[18.01668,79.69447],[17.93298,79.68969],[17.91713,79.67715],[17.92307,79.67507],[17.91951,79.66925],[17.84659,79.65222],[17.81193,79.61976],[17.68902,79.59878],[17.74446,79.58798],[17.73732,79.57453],[17.74721,79.56703],[17.64348,79.55175],[17.63452,79.53953],[17.73871,79.54464],[17.76232,79.53763],[17.75554,79.52214],[17.76867,79.51714],[17.75998,79.51468],[17.77159,79.50476],[17.75717,79.50088],[17.76283,79.49056],[17.75777,79.48211],[17.77081,79.46536],[17.78661,79.4617],[17.77348,79.45522],[17.78893,79.44676],[17.7842,79.44109],[17.79051,79.43388],[17.71203,79.39787],[17.6219,79.38193],[17.63323,79.37539],[17.69915,79.36374],[17.79674,79.38833],[17.87536,79.39723],[17.95458,79.4384],[17.99838,79.44607],[18.01869,79.45808],[18.02743,79.47559],[18.02024,79.49585],[18.03371,79.51691],[18.02144,79.52345],[18.04582,79.53856],[18.0344,79.55182],[18.07938,79.56955],[18.06015,79.58409],[18.13628,79.60789],[18.24194,79.62226],[18.28357,79.62067],[18.4251,79.58633],[18.57531,79.56852],[18.64818,79.54846],[18.69114,79.55292],[18.70766,79.54037],[18.68045,79.53214],[18.70842,79.50959],[18.69521,79.50386],[18.77847,79.48524],[18.78799,79.47725],[18.77523,79.46643],[18.83297,79.44793],[18.82138,79.44735],[18.82078,79.44106],[18.85101,79.43181],[18.83529,79.42607],[18.84739,79.40936],[18.84121,79.40239],[18.85829,79.39955],[18.83125,79.39031],[18.85889,79.3855],[18.84834,79.38264],[18.85078,79.37312],[18.83619,79.36232],[18.85359,79.33334],[18.84404,79.31951],[18.85624,79.31709],[18.81504,79.31494],[18.80689,79.30609],[18.8394,79.30307],[18.74136,79.27585],[18.64208,79.26662],[18.59493,79.24232],[18.61579,79.23531],[18.77767,79.24117],[18.86579,79.23662],[18.92185,79.20855],[18.89959,79.19239],[18.89777,79.1707],[18.84659,79.13619],[18.87744,79.12046],[18.96812,79.11433],[19.13099,79.11742],[19.19456,79.15158],[19.30187,79.18732],[19.43415,79.17126],[19.502,79.15041],[19.50851,79.13924],[19.59518,79.13796],[19.72884,79.15291],[19.79526,79.14857],[19.79531,79.14003],[19.72508,79.13466],[19.76529,79.11369],[19.76786,79.09447],[19.77944,79.08426],[19.71258,79.0613],[19.75055,79.04499],[19.89792,79.06069],[19.92003,79.05213],[19.88223,79.05122],[19.90082,79.04384],[19.87362,79.03444],[19.8958,79.0273],[19.88003,79.01879],[19.89325,79.01584],[19.85014,79.01113],[19.84176,79.00258],[20.05508,78.97684],[20.09541,78.98453],[20.10679,78.99051],[20.09871,78.99538],[20.11815,79.00658],[20.14315,79.00804],[20.13652,79.01115],[20.22858,78.98464],[20.28642,78.99095],[20.31401,78.98052],[20.25768,78.97194],[20.51257,78.94461],[20.45573,78.93154],[20.41032,78.93044],[20.43769,78.91848],[20.41758,78.91593],[20.42367,78.91178],[20.41839,78.90639],[20.52176,78.88232],[20.52989,78.87479],[20.6074,78.87683],[20.63873,78.88569],[20.63384,78.89024],[20.64863,78.89588],[20.70152,78.89433],[20.74147,78.91093],[20.69999,78.9146],[20.73934,78.91654],[20.873,78.89706],[20.96225,78.90124],[20.96194,78.89605],[21.05228,78.88225],[21.01272,78.86173],[21.07448,78.8481],[21.13717,78.85364],[21.21595,78.84855],[21.27238,78.83383],[21.33935,78.84434],[21.49783,78.83318],[21.49398,78.81727],[21.44273,78.79841],[21.43709,78.78289],[21.39279,78.76599],[21.38595,78.75072],[21.33601,78.72722],[21.32419,78.70218],[21.36066,78.69559],[21.37627,78.67918],[21.35022,78.67016],[21.2482,78.67888],[21.23073,78.67139],[21.18446,78.67211],[21.08301,78.68301],[21.14136,78.67428],[21.12874,78.67087],[21.13075,78.66454],[21.05637,78.65332],[20.99945,78.66619],[21.00514,78.67058],[20.98523,78.66691],[20.92815,78.68169],[20.97141,78.69212],[20.96206,78.69571],[20.97344,78.70041],[20.9645,78.70256],[20.88655,78.70303],[20.87821,78.69492],[20.84795,78.69217],[20.83093,78.7048],[20.76433,78.71008],[20.65198,78.69384],[20.54761,78.71969],[20.47826,78.72874],[20.43852,78.7202],[20.41792,78.72664],[20.36685,78.71632],[20.21931,78.71198],[20.21399,78.70706],[20.21914,78.70449],[20.14515,78.67435],[20.22759,78.65347],[20.18858,78.659],[20.10622,78.65127],[20.0982,78.64856],[20.11034,78.64313],[20.10494,78.63919],[20.0328,78.64357],[20.03516,78.63921],[20.0564,78.63908],[19.99194,78.62442],[20.03842,78.61252],[20.01318,78.60421],[19.9159,78.61621],[19.73084,78.6136],[19.53738,78.58125],[19.39872,78.58064],[19.35273,78.58887],[19.33408,78.5776],[19.30012,78.58938],[19.28565,78.60171],[19.29275,78.60422],[19.13331,78.62271],[19.12657,78.61903],[19.15195,78.60934],[19.14311,78.59963],[19.1666,78.60747],[19.21612,78.59977],[19.16671,78.58861],[19.19632,78.57512],[19.18217,78.57344],[19.20007,78.57022],[19.18754,78.5655],[19.09925,78.5591],[19.07359,78.54729],[19.04002,78.55321],[19.05093,78.54499],[18.96493,78.54101],[18.98695,78.53064],[18.81975,78.52296],[18.74456,78.50542],[18.80748,78.50549],[18.83057,78.49569],[18.87065,78.49668],[18.92421,78.48341],[19.02326,78.4298],[19.01974,78.41495],[19.0551,78.38734],[19.06566,78.35616],[19.08724,78.34145],[18.94009,78.32448],[18.88636,78.34391],[18.73529,78.35555],[18.76679,78.33245],[18.91562,78.29195],[19.00111,78.25322],[19.0695,78.23699],[19.08189,78.22609],[19.06909,78.20971],[19.01125,78.19551],[18.91954,78.19216],[18.85872,78.202],[18.76196,78.20168],[18.78113,78.18781],[18.86656,78.18316],[18.93222,78.16358],[19.01639,78.12713],[19.04012,78.11122],[19.0385,78.10303],[18.99189,78.07393],[18.93624,78.0519],[18.7962,78.03231],[18.73512,78.03287],[18.61407,78.0548],[18.38744,78.03565],[18.37125,78.02903],[18.37172,78.01861],[18.44647,77.9772],[18.46225,77.97547],[18.46167,77.96649],[18.47497,77.9621],[18.32494,77.91036],[18.12984,77.90744],[18.0756,77.89841],[18.06238,77.8891],[18.14624,77.88928],[18.16253,77.88406],[18.12057,77.87164],[18.19252,77.86954],[18.23164,77.87187],[18.22653,77.87795],[18.26853,77.88518],[18.2538,77.88599],[18.29904,77.88919],[18.28923,77.89054],[18.36018,77.88321],[18.38001,77.86732],[18.34528,77.85704],[18.28378,77.8656],[18.29378,77.84354],[18.28314,77.83978],[18.32856,77.83033],[18.36968,77.83566],[18.41639,77.83003],[18.42045,77.81648],[18.43952,77.80195],[18.43138,77.7777],[18.44074,77.75107],[18.41537,77.73996],[18.39841,77.72108],[18.33846,77.70824],[18.23524,77.72116],[18.19044,77.71289],[18.18881,77.70763],[18.30795,77.6749],[18.29683,77.66724],[18.21791,77.6587],[18.2204,77.64826],[18.31464,77.64866],[18.28365,77.65089],[18.30957,77.65004],[18.34412,77.64068],[18.32324,77.61994],[18.28827,77.60163],[18.29103,77.59019],[18.27696,77.56388],[18.29168,77.54182],[18.26516,77.51509],[18.23584,77.50036],[17.9527,77.51151],[17.88188,77.5285],[17.89192,77.53824],[17.91555,77.54165],[17.88849,77.55721],[17.77409,77.5548],[17.7171,77.57343],[17.65675,77.57826],[17.59023,77.59627],[17.48775,77.59721],[17.56072,77.56528],[17.52336,77.55487],[17.4959,77.55694],[17.57285,77.53615],[17.61352,77.54153],[17.60989,77.5359],[17.61999,77.53205],[17.60949,77.52645],[17.6264,77.52067],[17.61804,77.51414],[17.63225,77.50888],[17.62439,77.49936],[17.66658,77.48626],[17.67735,77.47082],[17.665,77.46059],[17.59017,77.45223],[17.57771,77.42213],[17.48921,77.40783],[17.37385,77.40509],[17.33325,77.3806],[17.36278,77.37225],[17.53463,77.38087],[17.5295,77.38571],[17.53554,77.38677],[17.56521,77.37221],[17.5506,77.36088],[17.4563,77.32844],[17.45152,77.31837],[17.46237,77.31409],[17.45421,77.3107],[17.25694,77.25734],[17.31248,77.24021],[17.36837,77.24119],[17.35803,77.24491],[17.42489,77.23481],[17.32681,77.20342],[17.37724,77.1974],[17.35138,77.20804],[17.36391,77.20649],[17.40665,77.18999],[17.40829,77.18059],[17.37893,77.16678],[17.28678,77.15285],[17.29341,77.14509],[17.35651,77.13282],[17.34739,77.11416],[17.30999,77.09144],[17.31311,77.07259],[17.2721,77.05065],[17.24012,77.04775],[17.15198,77.06075],[17.02612,77.06315],[16.97319,77.05662],[16.93894,77.04227],[17.0101,77.02763],[17.08091,77.03901],[17.1606,77.0309],[17.27693,76.98844],[17.2923,76.9689],[17.2681,76.9433],[17.27443,76.94051],[17.2326,76.93995],[17.19877,76.92982],[17.1146,76.89141],[17.07843,76.86642],[16.87864,76.84106],[16.83697,76.84545],[16.81734,76.83515],[16.78566,76.83241],[16.78788,76.82415],[16.7664,76.80524],[16.85379,76.75056],[16.87747,76.74859],[16.88381,76.75241],[16.8733,76.75284],[16.87779,76.75637],[16.91905,76.76786],[16.94954,76.76174],[17.00911,76.76631],[16.96688,76.76904],[16.98708,76.76973],[17.04185,76.76281],[17.0724,76.75554],[17.09616,76.74103],[17.14819,76.7268],[17.15184,76.70483],[17.05301,76.67029],[17.0567,76.63988],[16.97149,76.62157],[16.9709,76.60069],[16.92014,76.60226],[16.88541,76.58646],[16.77313,76.56667],[16.67765,76.55983],[16.58352,76.56624],[16.53916,76.57669],[16.53416,76.58467],[16.54431,76.58578],[16.54237,76.5946],[16.53315,76.60069],[16.54005,76.60742],[16.52088,76.61141],[16.35797,76.5868],[16.35136,76.58248],[16.35452,76.56522],[16.26983,76.563],[16.25527,76.5706],[16.28584,76.57478],[16.2518,76.58803],[16.30412,76.59916],[16.29751,76.61532],[16.31052,76.62391],[16.31832,76.64259],[16.3112,76.65939],[16.26864,76.66873],[16.52235,76.6912],[16.52001,76.70882],[16.46666,76.7187],[16.36769,76.70589],[16.23209,76.71137],[16.07418,76.7333],[15.93112,76.76329],[15.92258,76.77274],[15.84614,76.79474],[15.75195,76.80756],[15.72438,76.83067],[15.69255,76.8402],[15.65821,76.84032],[15.67597,76.84631],[15.61564,76.84736],[15.64257,76.85378],[15.63316,76.8582],[15.52056,76.8666],[15.52283,76.87321],[15.50889,76.87598],[15.48341,76.86959],[15.49399,76.87612],[15.51208,76.87816]]],[[[12.81412,78.32866],[12.79846,78.32941],[12.80732,78.32941],[12.81412,78.32866]]],[[[14.15404,78.39154],[14.16973,78.38546],[14.14572,78.38972],[14.15404,78.39154]]],[[[14.145,78.40163],[14.14809,78.40025],[14.12955,78.39747],[14.12242,78.40115],[14.145,78.40163]]],[[[16.18145,78.45854],[16.20006,78.4585],[16.22453,78.45609],[16.21132,78.4549],[16.2269,78.45082],[16.21214,78.44922],[16.18145,78.45854]]],[[[16.25186,78.45469],[16.24464,78.45431],[16.23921,78.4555],[16.25186,78.45469]]],[[[14.37528,78.52107],[14.37813,78.51838],[14.36993,78.5198],[14.37528,78.52107]]],[[[14.60613,78.64986],[14.60664,78.64221],[14.54914,78.64261],[14.57873,78.65085],[14.60613,78.64986]]],[[[14.69385,78.66723],[14.67745,78.66984],[14.6734,78.67451],[14.67959,78.6775],[14.6715,78.68254],[14.68124,78.6936],[14.7041,78.69492],[14.7647,78.67456],[14.69385,78.66723]]],[[[14.32109,78.7183],[14.33028,78.71951],[14.3318,78.71939],[14.32109,78.7183]]],[[[16.26053,79.00038],[16.26038,79.00756],[16.27944,79.00284],[16.27416,78.99847],[16.26053,79.00038]]],[[[16.26408,79.00861],[16.26269,79.00861],[16.26289,79.00963],[16.26527,79.01263],[16.26408,79.00861]]],[[[15.69973,79.0918],[15.68601,79.09303],[15.68121,79.09583],[15.69973,79.0918]]],[[[16.10329,79.12441],[16.10823,79.12936],[16.09189,79.1314],[16.10884,79.13393],[16.12289,79.13037],[16.12441,79.12322],[16.10329,79.12441]]],[[[15.77898,79.20217],[15.78425,79.1987],[15.78219,79.19842],[15.77105,79.19961],[15.77898,79.20217]]],[[[13.41151,79.43225],[13.42293,79.43015],[13.4093,79.4309],[13.41151,79.43225]]],[[[13.4103,79.60296],[13.41252,79.60396],[13.42541,79.6001],[13.4103,79.60296]]],[[[13.44807,79.61025],[13.48872,79.61814],[13.51529,79.60842],[13.45925,79.59956],[13.44807,79.61025]]],[[[13.42746,79.61595],[13.41983,79.61244],[13.41431,79.61536],[13.42746,79.61595]]],[[[12.77062,79.6174],[12.78887,79.61597],[12.77666,79.61501],[12.77062,79.6174]]],[[[13.50489,79.61637],[13.5332,79.61691],[13.53636,79.61581],[13.50489,79.61637]]],[[[12.78928,79.62519],[12.75453,79.62514],[12.77679,79.62635],[12.78928,79.62519]]],[[[13.40971,79.65433],[13.3865,79.65592],[13.39202,79.65856],[13.42813,79.65704],[13.40971,79.65433]]],[[[13.36217,79.65453],[13.33601,79.65334],[13.34301,79.65512],[13.33749,79.65969],[13.36439,79.65923],[13.35849,79.65883],[13.36217,79.65453]]],[[[13.29615,79.65728],[13.29726,79.65834],[13.31458,79.65616],[13.29615,79.65728]]],[[[13.44324,79.66577],[13.42813,79.66339],[13.42555,79.66584],[13.44324,79.66577]]],[[[13.3787,79.67368],[13.42402,79.67222],[13.34885,79.66753],[13.30094,79.67341],[13.36948,79.67533],[13.31605,79.67916],[13.32453,79.6816],[13.41407,79.67619],[13.3787,79.67368]]],[[[13.25649,79.67547],[13.24868,79.66977],[13.21533,79.67407],[13.2419,79.67948],[13.25649,79.67547]]],[[[13.64497,79.67926],[13.61659,79.67516],[13.6118,79.67576],[13.64497,79.67926]]],[[[13.66284,79.68295],[13.68108,79.68054],[13.65639,79.67959],[13.66284,79.68295]]],[[[13.63557,79.6813],[13.63649,79.68229],[13.64773,79.68213],[13.63557,79.6813]]],[[[13.31826,79.68932],[13.30573,79.68958],[13.30573,79.69117],[13.31826,79.68932]]],[[[14.49219,80.03656],[14.5759,80.02731],[14.47687,80.00879],[14.44552,80.02384],[14.49219,80.03656]]],[[[16.17622,80.05402],[16.1787,80.05254],[16.16907,80.05315],[16.17622,80.05402]]],[[[19.1818,74.36364],[19.18026,74.35849],[19.17467,74.36046],[19.1818,74.36364]]],[[[19.23967,74.42057],[19.17222,74.39762],[19.18854,74.39305],[19.16422,74.38003],[19.17171,74.37688],[19.16716,74.37335],[19.18201,74.37309],[19.17123,74.37019],[19.17548,74.3666],[19.15345,74.36995],[19.14369,74.3614],[19.1541,74.35534],[19.11143,74.35518],[19.09207,74.34732],[19.10341,74.34186],[19.05794,74.3373],[18.96979,74.381],[18.93832,74.38048],[18.9261,74.39021],[18.92971,74.39474],[18.9031,74.39496],[18.90157,74.40201],[18.87068,74.40508],[18.86726,74.41383],[18.81835,74.42576],[18.81055,74.42928],[18.81624,74.4389],[18.79793,74.44429],[18.80433,74.44807],[18.78408,74.45043],[18.79518,74.45435],[18.78988,74.45833],[18.76643,74.46117],[18.77623,74.46869],[18.74789,74.47123],[18.7648,74.47157],[18.76862,74.4757],[18.76076,74.47797],[18.78699,74.49251],[18.82741,74.49861],[19.08863,74.51512],[19.14969,74.50736],[19.16343,74.49033],[19.26762,74.46579],[19.27053,74.45882],[19.25408,74.45765],[19.26821,74.44998],[19.25858,74.44913],[19.2632,74.44413],[19.23967,74.42057]]],[[[16.61911,76.48527],[16.58519,76.47311],[16.59175,76.46611],[16.57565,76.46409],[16.52198,76.48167],[16.519,76.49558],[16.50986,76.4975],[16.54772,76.50143],[16.50695,76.50447],[16.51326,76.50012],[16.4965,76.49662],[16.4771,76.50566],[16.49734,76.52462],[16.51781,76.511],[16.61911,76.48527]]],[[[16.51383,76.69675],[16.51623,76.69679],[16.50207,76.69456],[16.51383,76.69675]]],[[[16.44827,78.95228],[16.4547,78.95091],[16.44539,78.95179],[16.44827,78.95228]]],[[[16.3986,78.96294],[16.41976,78.95743],[16.4083,78.95834],[16.3986,78.96294]]],[[[19.16697,79.32326],[19.20255,79.31908],[19.16037,79.31637],[19.14393,79.32243],[19.16697,79.32326]]],[[[19.31,79.35788],[19.32875,79.35351],[19.27163,79.36036],[19.31,79.35788]]],[[[17.94685,79.53317],[17.91252,79.53884],[17.946,79.53557],[17.94685,79.53317]]],[[[18.89739,79.55292],[18.92398,79.55095],[18.93889,79.5482],[18.89739,79.55292]]],[[[18.75825,79.55245],[18.73776,79.54486],[18.71471,79.55221],[18.72666,79.55724],[18.75825,79.55245]]],[[[19.29935,79.57048],[19.24401,79.57488],[19.25384,79.57726],[19.3301,79.57565],[19.29935,79.57048]]],[[[19.20079,79.57329],[19.15684,79.57724],[19.17067,79.57793],[19.21492,79.57485],[19.20079,79.57329]]],[[[19.32025,79.58039],[19.3096,79.57906],[19.29932,79.57987],[19.3055,79.58141],[19.32025,79.58039]]],[[[18.70501,79.59843],[18.70924,79.60247],[18.72252,79.59778],[18.70501,79.59843]]],[[[18.75278,79.71208],[18.70754,79.72161],[18.75734,79.73528],[18.72517,79.75315],[18.80722,79.74104],[18.77212,79.7476],[18.79538,79.75235],[18.8897,79.73453],[18.89863,79.73085],[18.87125,79.7194],[18.89849,79.71436],[18.75278,79.71208]]],[[[19.16887,79.74393],[19.15045,79.74994],[19.16887,79.74543],[19.16887,79.74393]]],[[[18.64858,79.75617],[18.62964,79.7576],[18.61633,79.76485],[18.64858,79.75617]]],[[[18.66371,79.76269],[18.66088,79.76042],[18.64972,79.76027],[18.66371,79.76269]]],[[[18.52135,79.76646],[18.52425,79.76743],[18.53454,79.76742],[18.52135,79.76646]]],[[[18.46076,79.76954],[18.45939,79.76683],[18.45671,79.76866],[18.46076,79.76954]]],[[[18.48166,79.77488],[18.51119,79.77239],[18.47715,79.77297],[18.48166,79.77488]]],[[[18.58183,79.78182],[18.57393,79.7801],[18.56711,79.78154],[18.57453,79.78401],[18.58183,79.78182]]],[[[18.35013,79.79515],[18.34379,79.80017],[18.36039,79.79461],[18.35013,79.79515]]],[[[18.41612,79.9527],[18.40004,79.95573],[18.41806,79.95827],[18.40862,79.95568],[18.41612,79.9527]]],[[[17.98666,79.96207],[18.04808,79.96016],[18.01638,79.95483],[17.98666,79.96207]]],[[[18.15456,79.96381],[18.29913,79.97918],[18.29387,79.98373],[18.36072,79.95252],[18.31833,79.94957],[18.2705,79.95896],[18.16443,79.95215],[18.12401,79.94012],[18.09148,79.94569],[18.15456,79.96381]]],[[[18.17876,79.98436],[18.15456,79.98375],[18.15868,79.98853],[18.17876,79.98436]]],[[[18.46305,79.98072],[18.37853,79.97048],[18.38862,79.97619],[18.35266,79.9801],[18.34236,79.98686],[18.35807,79.99065],[18.3254,80.00476],[18.34846,80.00364],[18.38614,79.99261],[18.39738,79.98431],[18.39347,79.98082],[18.46305,79.98072]]],[[[18.03534,79.98489],[18.00274,79.98748],[18.0247,79.99693],[18.04694,79.99181],[18.03534,79.98489]]],[[[18.56184,79.99511],[18.56527,79.99393],[18.55281,79.99332],[18.56184,79.99511]]],[[[18.12904,80.00218],[18.14993,80.00563],[18.16692,79.99584],[18.1455,79.99436],[18.12904,80.00218]]],[[[18.4322,80.00131],[18.43116,80.01088],[18.44398,80.01604],[18.45746,80.00843],[18.4322,80.00131]]],[[[18.21971,80.00686],[18.19658,80.01279],[18.21024,80.01539],[18.21971,80.00686]]],[[[18.23057,80.01342],[18.22531,80.01361],[18.23334,80.01518],[18.23434,80.01241],[18.23057,80.01342]]],[[[18.3906,80.00855],[18.36625,80.02027],[18.41352,80.01065],[18.3906,80.00855]]],[[[18.29364,80.01849],[18.30339,80.02225],[18.31848,80.0202],[18.31522,80.01409],[18.29364,80.01849]]],[[[18.51031,80.02683],[18.5058,80.02012],[18.48887,80.02232],[18.51031,80.02683]]],[[[18.11699,80.02882],[18.07088,80.03262],[18.04839,80.0469],[18.10399,80.0398],[18.09442,80.03667],[18.11699,80.02882]]],[[[19.08501,80.1301],[19.08591,80.12847],[19.07565,80.13104],[19.08501,80.1301]]],[[[19.07492,80.1332],[19.05776,80.13418],[19.07557,80.13435],[19.07492,80.1332]]],[[[19.26451,80.15278],[19.25555,80.15216],[19.25299,80.15398],[19.26451,80.15278]]],[[[19.00507,80.16975],[19.00118,80.16925],[19.00464,80.17081],[19.00507,80.16975]]],[[[18.30966,80.17931],[18.30969,80.18388],[18.31797,80.18169],[18.30966,80.17931]]],[[[18.18356,80.19093],[18.20597,80.1934],[18.21728,80.19177],[18.18356,80.19093]]],[[[18.22752,80.19206],[18.22902,80.19271],[18.25271,80.19249],[18.22752,80.19206]]],[[[18.82374,80.23198],[18.78126,80.24748],[18.79615,80.24854],[18.84378,80.23705],[18.82374,80.23198]]],[[[18.59582,80.25768],[18.50776,80.24681],[18.51342,80.24436],[18.44656,80.2524],[18.40931,80.23993],[18.37639,80.23939],[18.39944,80.24634],[18.32139,80.26731],[18.1877,80.28198],[18.09596,80.28233],[18.10221,80.28364],[18.08676,80.29299],[18.15199,80.33046],[18.20881,80.33556],[18.21906,80.34027],[18.21044,80.3434],[18.27927,80.36538],[18.5572,80.33193],[18.58423,80.33568],[18.5305,80.32391],[18.55368,80.31806],[18.63436,80.31863],[18.62632,80.30827],[18.58106,80.30679],[18.59901,80.2991],[18.68212,80.30072],[18.6783,80.30575],[18.72663,80.31108],[18.73667,80.30279],[18.71482,80.2906],[18.61839,80.28377],[18.60912,80.27871],[18.61719,80.26774],[18.59582,80.25768]]],[[[18.76012,80.32427],[18.70536,80.32109],[18.7224,80.32334],[18.70869,80.32688],[18.76012,80.32427]]],[[[18.62846,80.32789],[18.63256,80.32609],[18.62606,80.32604],[18.62846,80.32789]]],[[[18.77317,80.33529],[18.75954,80.32896],[18.74727,80.33261],[18.77317,80.33529]]],[[[18.80718,80.3337],[18.79402,80.33341],[18.80063,80.33366],[18.80718,80.3337]]],[[[18.13675,80.34032],[18.13572,80.33593],[18.12963,80.33744],[18.13675,80.34032]]],[[[18.8906,80.36699],[18.89408,80.36603],[18.88215,80.36516],[18.8906,80.36699]]],[[[20.80477,78.15051],[20.72802,78.15407],[20.77533,78.15579],[20.80477,78.15051]]],[[[20.75273,78.17746],[20.76902,78.1836],[20.77901,78.1794],[20.75273,78.17746]]],[[[20.40968,78.18126],[20.40505,78.18324],[20.41407,78.18184],[20.40968,78.18126]]],[[[20.41189,78.18359],[20.40632,78.18615],[20.4165,78.18423],[20.41189,78.18359]]],[[[20.4256,78.20536],[20.44895,78.20777],[20.44495,78.21145],[20.45614,78.2178],[20.49536,78.21514],[20.43238,78.20349],[20.4362,78.20063],[20.42496,78.19695],[20.42686,78.18957],[20.41783,78.19312],[20.43191,78.20228],[20.4256,78.20536]]],[[[20.72805,78.20649],[20.69162,78.19577],[20.60855,78.2025],[20.61541,78.20809],[20.69459,78.2052],[20.69504,78.22305],[20.72286,78.21963],[20.72805,78.20649]]],[[[20.63503,78.29711],[20.62539,78.29734],[20.63538,78.29927],[20.63503,78.29711]]],[[[20.62486,78.30294],[20.62897,78.30172],[20.62274,78.3018],[20.62486,78.30294]]],[[[20.14682,78.62453],[20.18227,78.62213],[20.12575,78.62385],[20.12562,78.6311],[20.14682,78.62453]]],[[[20.5919,78.68931],[20.637,78.69051],[20.61293,78.68334],[20.5919,78.68931]]],[[[20.51701,78.71369],[20.53156,78.71469],[20.53461,78.71342],[20.51701,78.71369]]],[[[19.92875,79.02438],[19.93764,79.0227],[19.92691,79.02378],[19.92875,79.02438]]],[[[19.93577,79.02492],[19.93899,79.02635],[19.95154,79.02844],[19.93577,79.02492]]],[[[20.22126,79.11805],[20.2385,79.11592],[20.22231,79.11368],[20.23451,79.10828],[20.30443,79.10171],[20.44434,79.11024],[20.42249,79.11691],[20.48453,79.11328],[20.51675,79.1032],[20.74343,79.07943],[20.79746,79.06093],[20.64223,79.01983],[20.55739,79.02857],[20.39882,79.0076],[20.29742,79.00281],[20.27898,79.00559],[20.30073,79.00819],[20.28019,79.01774],[20.17652,79.01825],[20.07898,79.03977],[20.14855,79.04124],[20.15352,79.04627],[20.11502,79.0575],[20.10233,79.06995],[20.13382,79.08847],[20.19094,79.10562],[20.13414,79.11492],[20.1297,79.1227],[20.22126,79.11805]]],[[[19.85381,79.07206],[19.87561,79.06657],[19.84149,79.06539],[19.85381,79.07206]]],[[[19.50779,79.23138],[19.53383,79.22859],[19.52998,79.22508],[19.3447,79.21533],[19.36129,79.22732],[19.48853,79.22537],[19.50779,79.23138]]],[[[19.77779,79.22322],[19.78269,79.22511],[19.78672,79.22453],[19.77779,79.22322]]],[[[19.70358,79.22246],[19.67926,79.22729],[19.70853,79.22773],[19.73938,79.22332],[19.70358,79.22246]]],[[[19.77123,79.22452],[19.74556,79.22327],[19.73839,79.22731],[19.77123,79.22452]]],[[[19.89203,79.22606],[19.90869,79.23039],[19.90251,79.22641],[19.89203,79.22606]]],[[[19.78097,79.24162],[19.77479,79.2405],[19.77084,79.24387],[19.78097,79.24162]]],[[[20.2278,79.25077],[20.14332,79.24412],[20.09051,79.25034],[20.11857,79.25416],[20.2278,79.25077]]],[[[19.68965,79.25035],[19.6978,79.25213],[19.70192,79.25075],[19.68965,79.25035]]],[[[19.95781,79.28757],[20.01312,79.28492],[19.98103,79.2948],[19.98953,79.29791],[20.06409,79.28382],[20.12004,79.29135],[20.11344,79.2862],[20.14676,79.27893],[20.09962,79.27473],[20.11738,79.26865],[20.10213,79.25506],[20.06874,79.25634],[20.08497,79.24528],[20.06307,79.24044],[20.09779,79.23334],[19.9984,79.23595],[19.95739,79.22414],[19.90523,79.23935],[19.92796,79.25346],[19.98171,79.24964],[19.99338,79.25119],[19.98753,79.26087],[20.02484,79.26411],[19.99655,79.27915],[19.9847,79.27754],[20.00186,79.27017],[19.97546,79.26943],[19.94807,79.27957],[19.9385,79.27404],[19.95868,79.26845],[19.92161,79.27426],[19.92056,79.28056],[19.95781,79.28757]]],[[[20.20387,79.26824],[20.21212,79.26944],[20.2273,79.26815],[20.21691,79.26489],[20.20387,79.26824]]],[[[20.14747,79.27506],[20.183,79.27589],[20.15019,79.27386],[20.14747,79.27506]]],[[[19.7705,79.29433],[19.70485,79.29049],[19.66971,79.30053],[19.70622,79.30021],[19.7705,79.29433]]],[[[19.58789,79.30266],[19.62662,79.30163],[19.56548,79.30132],[19.58789,79.30266]]],[[[19.46814,79.30791],[19.4941,79.30766],[19.4986,79.30627],[19.46814,79.30791]]],[[[19.49443,79.31495],[19.46109,79.31299],[19.44921,79.31752],[19.45218,79.31874],[19.49443,79.31495]]],[[[19.52051,79.3199],[19.55855,79.3222],[19.58049,79.31977],[19.52051,79.3199]]],[[[20.75498,79.32114],[20.76686,79.32536],[20.77412,79.32291],[20.75498,79.32114]]],[[[20.65908,79.34067],[20.63754,79.33627],[20.5502,79.35409],[20.55338,79.35553],[20.65908,79.34067]]],[[[19.35117,79.35116],[19.36437,79.35817],[19.39394,79.35258],[19.35117,79.35116]]],[[[20.05593,79.35372],[20.02245,79.3643],[20.07567,79.35368],[20.05593,79.35372]]],[[[19.46205,79.36238],[19.46898,79.36311],[19.48647,79.35958],[19.46205,79.36238]]],[[[20.14615,79.33917],[20.14704,79.33519],[20.14127,79.33526],[20.14976,79.32965],[20.13495,79.32565],[20.14572,79.32262],[20.07996,79.32415],[20.07465,79.33148],[19.95355,79.35106],[19.66444,79.32962],[19.67038,79.33512],[19.64068,79.34611],[19.64332,79.35074],[19.61434,79.35463],[19.64394,79.35839],[19.65489,79.37236],[19.64721,79.38689],[19.6042,79.39639],[19.64975,79.39438],[19.66232,79.39933],[19.64241,79.40145],[19.66416,79.40272],[19.8111,79.39906],[20.08499,79.34626],[20.1163,79.34759],[20.14615,79.33917]]],[[[19.48664,79.38255],[19.51021,79.38444],[19.51487,79.38362],[19.48664,79.38255]]],[[[19.5193,79.40371],[19.44994,79.41215],[19.49194,79.41288],[19.5193,79.40371]]],[[[19.50265,79.4301],[19.53771,79.43841],[19.66355,79.42526],[19.51035,79.41754],[19.50265,79.4301]]],[[[19.55013,79.45022],[19.56184,79.45149],[19.57313,79.4508],[19.55013,79.45022]]],[[[19.72002,79.67607],[19.70679,79.66926],[19.67432,79.67609],[19.69484,79.67879],[19.72002,79.67607]]],[[[19.75075,79.67377],[19.67563,79.68654],[19.76868,79.68952],[19.85362,79.67538],[19.75075,79.67377]]],[[[19.32924,80.13454],[19.3032,80.13513],[19.33649,80.13542],[19.32924,80.13454]]],[[[20.14659,80.47885],[20.17476,80.48535],[20.20712,80.48229],[20.17957,80.47219],[20.15076,80.47273],[20.14659,80.47885]]],[[[20.28182,80.51014],[20.31225,80.49307],[20.25416,80.48738],[20.21429,80.4975],[20.2539,80.51308],[20.28182,80.51014]]],[[[19.87191,80.48033],[19.84217,80.49654],[19.85607,80.50765],[19.8435,80.51385],[19.97967,80.51322],[19.98181,80.5182],[19.91787,80.52774],[19.99697,80.53706],[20.11365,80.50333],[20.00301,80.47965],[19.9268,80.47296],[19.87191,80.48033]]],[[[19.74355,80.62752],[19.77004,80.63252],[19.77299,80.62461],[19.81985,80.61687],[19.77863,80.61457],[19.74355,80.62752]]],[[[20.4765,80.63014],[20.49949,80.62791],[20.47034,80.62698],[20.4765,80.63014]]],[[[20.63891,80.66199],[20.6349,80.65126],[20.66108,80.64985],[20.69614,80.66015],[20.75965,80.66267],[20.80901,80.66145],[20.8278,80.64812],[20.72521,80.63584],[20.71615,80.62787],[20.76729,80.62076],[20.73073,80.61079],[20.65908,80.63176],[20.56678,80.63679],[20.49349,80.65552],[20.64282,80.66898],[20.65749,80.66514],[20.63891,80.66199]]],[[[20.43903,80.75749],[20.47418,80.75425],[20.46282,80.75119],[20.41968,80.75197],[20.43903,80.75749]]],[[[20.41903,80.75606],[20.41127,80.75681],[20.42122,80.75822],[20.41903,80.75606]]],[[[20.37959,80.82015],[20.36636,80.81732],[20.34133,80.81907],[20.34753,80.82516],[20.37959,80.82015]]],[[[20.35448,80.82851],[20.35294,80.82629],[20.33411,80.82766],[20.35448,80.82851]]],[[[21.69147,76.86884],[21.67547,76.87419],[21.70154,76.87831],[21.71619,76.87678],[21.69147,76.86884]]],[[[21.67058,76.87469],[21.66834,76.87411],[21.65446,76.87659],[21.67058,76.87469]]],[[[21.87309,76.95159],[21.89931,76.95966],[21.92393,76.95585],[21.87309,76.95159]]],[[[21.92673,76.96446],[21.93133,76.96409],[21.92478,76.96195],[21.91794,76.96217],[21.92673,76.96446]]],[[[21.93658,76.98139],[21.91548,76.98198],[21.92512,76.9825],[21.93658,76.98139]]],[[[21.92312,77.00473],[21.96108,76.996],[21.95055,76.98968],[21.94764,76.99541],[21.89482,77.00026],[21.90115,77.00491],[21.89514,77.00566],[21.92312,77.00473]]],[[[21.82138,77.00439],[21.83114,77.00427],[21.82001,77.00142],[21.81385,77.00142],[21.82138,77.00439]]],[[[21.86046,77.00481],[21.84067,77.00453],[21.84995,77.00671],[21.86046,77.00481]]],[[[21.87865,77.00799],[21.8438,77.00764],[21.83625,77.0052],[21.83518,77.00686],[21.86354,77.01168],[21.87865,77.00799]]],[[[21.45991,77.1484],[21.45329,77.14989],[21.47033,77.15072],[21.45991,77.1484]]],[[[21.36251,77.27586],[21.35335,77.27786],[21.36725,77.27687],[21.36251,77.27586]]],[[[21.63626,77.27648],[21.64845,77.27853],[21.64328,77.28029],[21.65918,77.27524],[21.63626,77.27648]]],[[[21.35053,77.28317],[21.41818,77.27873],[21.38434,77.2759],[21.35053,77.28317]]],[[[21.33134,77.28204],[21.31256,77.28549],[21.34383,77.28357],[21.33134,77.28204]]],[[[21.61208,77.28812],[21.60212,77.28505],[21.59957,77.29107],[21.61755,77.28968],[21.6289,77.28317],[21.61928,77.28482],[21.61208,77.28812]]],[[[21.28195,77.28822],[21.29053,77.28946],[21.2859,77.28572],[21.27143,77.2875],[21.28195,77.28822]]],[[[21.31284,77.2869],[21.29443,77.28764],[21.30769,77.28961],[21.31284,77.2869]]],[[[20.77586,78.16388],[20.76692,78.16302],[20.76377,78.16647],[20.77586,78.16388]]],[[[21.34893,78.60774],[21.35536,78.6016],[21.39032,78.5956],[21.40241,78.58042],[21.52574,78.55444],[21.52758,78.54354],[21.59656,78.53545],[21.61568,78.53947],[21.60639,78.54272],[21.64063,78.56302],[21.6769,78.56344],[21.69057,78.55645],[21.79098,78.55895],[21.71317,78.57438],[21.73263,78.58624],[21.93344,78.58148],[21.9944,78.54957],[22.00767,78.51947],[22.13375,78.46246],[22.135,78.42835],[22.20408,78.37815],[22.19072,78.33856],[22.16796,78.31944],[22.15561,78.29598],[22.13676,78.28714],[22.13682,78.27921],[22.06079,78.25909],[21.88657,78.25969],[21.79626,78.26821],[21.70035,78.25763],[21.62192,78.26065],[21.53425,78.24715],[21.22203,78.23031],[21.14595,78.2132],[21.03604,78.20188],[20.9684,78.21319],[20.98847,78.22111],[20.90817,78.2293],[20.68605,78.22613],[20.67695,78.23491],[20.72527,78.24224],[20.70297,78.25791],[20.75947,78.26562],[20.77062,78.27537],[20.75965,78.28353],[20.7708,78.2907],[20.69334,78.30814],[20.60587,78.30414],[20.60654,78.30868],[20.62389,78.31283],[20.59163,78.31486],[20.75689,78.32103],[20.79236,78.32973],[20.63772,78.34611],[20.66133,78.35234],[20.64813,78.35752],[20.65799,78.36787],[20.661,78.39109],[20.59456,78.40984],[20.6048,78.41561],[20.59368,78.42343],[20.60148,78.42604],[20.58475,78.43402],[20.50588,78.44632],[20.47565,78.442],[20.46269,78.44794],[20.4718,78.44846],[20.46729,78.45063],[20.41152,78.45829],[20.14429,78.48148],[20.17741,78.48537],[20.18596,78.50003],[20.27905,78.5149],[20.49854,78.52368],[20.63113,78.53731],[20.6394,78.54499],[20.73272,78.54237],[20.79567,78.55305],[21.00749,78.55308],[21.03658,78.55897],[21.10683,78.58405],[21.11092,78.59059],[21.0875,78.60235],[21.09638,78.6062],[21.09081,78.6164],[21.14527,78.62426],[21.14422,78.63007],[21.1663,78.63048],[21.17031,78.63831],[21.24386,78.63149],[21.32935,78.62856],[21.33605,78.62606],[21.31524,78.62094],[21.35539,78.61067],[21.34893,78.60774]]],[[[20.82297,78.57063],[20.80496,78.56351],[20.7925,78.56481],[20.82297,78.57063]]],[[[21.31941,78.63112],[21.25631,78.63368],[21.27868,78.63761],[21.32697,78.63309],[21.31941,78.63112]]],[[[21.24132,78.63729],[21.25486,78.63747],[21.24534,78.63704],[21.24132,78.63729]]],[[[21.2589,78.65013],[21.27361,78.64377],[21.25294,78.64404],[21.27545,78.64001],[21.17754,78.64481],[21.20825,78.65421],[21.17566,78.65725],[21.21802,78.66579],[21.27108,78.65956],[21.28218,78.65297],[21.2589,78.65013]]],[[[21.16368,78.67248],[21.16564,78.66908],[21.15456,78.67106],[21.16368,78.67248]]],[[[20.91052,78.68648],[20.90265,78.68518],[20.90947,78.6868],[20.91052,78.68648]]],[[[21.06669,78.90385],[21.08031,78.90176],[21.05227,78.90152],[21.06669,78.90385]]],[[[21.15136,78.90295],[21.08498,78.90138],[21.16237,78.90472],[21.15136,78.90295]]],[[[21.62245,78.92537],[21.60746,78.92591],[21.61518,78.92678],[21.62245,78.92537]]],[[[21.4746,78.92742],[21.4934,78.92516],[21.48118,78.92596],[21.46859,78.92672],[21.4746,78.92742]]],[[[21.63931,78.92691],[21.62792,78.92728],[21.62068,78.92941],[21.63931,78.92691]]],[[[21.31122,78.93077],[21.29029,78.92914],[21.30852,78.93105],[21.31122,78.93077]]],[[[21.43117,78.93267],[21.4549,78.9282],[21.42416,78.93145],[21.43117,78.93267]]],[[[21.73371,78.94454],[21.74184,78.93967],[21.72536,78.93934],[21.71544,78.9438],[21.73371,78.94454]]],[[[21.52248,78.96668],[21.51733,78.96527],[21.51338,78.96757],[21.52248,78.96668]]],[[[21.55863,78.97427],[21.51813,78.97374],[21.58476,78.97773],[21.55863,78.97427]]],[[[21.66709,78.97293],[21.64059,78.97889],[21.58386,78.97994],[21.62342,78.97941],[21.60939,78.98521],[21.62309,78.98967],[21.67173,78.97646],[21.75153,78.98592],[21.80849,78.9784],[21.67225,78.97393],[21.70691,78.96259],[21.67741,78.96276],[21.62778,78.97762],[21.66709,78.97293]]],[[[21.52469,78.97999],[21.5514,78.97955],[21.54174,78.97944],[21.52469,78.97999]]],[[[21.44441,78.98797],[21.45106,78.98892],[21.45354,78.98749],[21.44441,78.98797]]],[[[21.43423,78.99444],[21.45452,78.99047],[21.42948,78.99098],[21.43423,78.99444]]],[[[21.53181,78.99119],[21.53972,78.99385],[21.5538,78.99385],[21.53181,78.99119]]],[[[20.87204,79.00445],[20.89746,79.01072],[20.96498,79.0003],[20.89345,79.0049],[20.8749,78.99833],[20.87204,79.00445]]],[[[21.36047,79.02059],[21.37112,79.0193],[21.40054,79.00987],[21.39183,79.00984],[21.36047,79.02059]]],[[[21.28749,79.02659],[21.28948,79.02667],[21.31385,79.02457],[21.28749,79.02659]]],[[[20.95415,79.01421],[20.96313,79.02082],[20.94486,79.01882],[20.94177,79.01573],[20.92689,79.01683],[20.95389,79.02658],[20.91817,79.03363],[21.10828,79.02955],[21.13673,79.03966],[21.18886,79.03913],[21.12191,79.02691],[20.96647,79.02611],[20.96914,79.02032],[20.95415,79.01421]]],[[[21.23963,79.02848],[21.23226,79.03122],[21.23561,79.03094],[21.24803,79.02869],[21.23963,79.02848]]],[[[21.10858,79.04377],[21.11149,79.04501],[21.12029,79.04364],[21.10858,79.04377]]],[[[21.11744,79.2963],[21.16997,79.28151],[21.03371,79.29575],[21.04528,79.30008],[21.03944,79.30235],[21.11744,79.2963]]],[[[21.12405,79.31609],[21.15503,79.3124],[21.12353,79.31011],[21.10208,79.31447],[21.12405,79.31609]]],[[[21.18466,80.25603],[21.17727,80.25452],[21.13487,80.26117],[21.18466,80.25603]]],[[[21.19825,80.27084],[21.16955,80.27569],[21.19749,80.27824],[21.21335,80.27301],[21.19825,80.27084]]],[[[21.24734,80.27912],[21.21983,80.27695],[21.18884,80.28719],[21.21435,80.28952],[21.24734,80.27912]]],[[[21.3083,80.34203],[21.30327,80.34483],[21.4017,80.35598],[21.42501,80.36886],[21.45362,80.36066],[21.4354,80.35808],[21.44471,80.35177],[21.43791,80.34628],[21.31484,80.32633],[21.25348,80.32422],[21.3083,80.34203]]],[[[21.08178,80.69148],[21.24584,80.68846],[21.27232,80.70138],[21.29961,80.7024],[21.35159,80.69329],[21.28751,80.68664],[21.29086,80.68165],[21.37266,80.67349],[21.32262,80.66807],[21.24301,80.67299],[21.21614,80.66753],[21.227,80.66434],[21.13705,80.65252],[21.06903,80.67033],[21.04461,80.68525],[21.08178,80.69148]]],[[[20.55705,80.74173],[20.53205,80.75722],[20.65829,80.75426],[20.66314,80.74921],[20.65666,80.74676],[20.72005,80.73412],[20.71386,80.72816],[20.77755,80.72445],[20.7969,80.71051],[20.85776,80.70887],[20.9491,80.72343],[20.98735,80.70697],[21.06623,80.70605],[21.00114,80.69351],[20.87626,80.69277],[20.85803,80.68955],[20.8672,80.68748],[20.85613,80.6736],[20.82012,80.67427],[20.80081,80.67962],[20.84255,80.68482],[20.7963,80.6902],[20.81012,80.69489],[20.77725,80.70915],[20.67724,80.70622],[20.64473,80.71564],[20.65413,80.72536],[20.64262,80.73382],[20.55705,80.74173]]],[[[21.92901,76.96942],[21.94142,76.96781],[21.93168,76.96516],[21.92901,76.96942]]],[[[22.06651,76.97862],[22.08064,76.9784],[22.05712,76.9762],[22.06651,76.97862]]],[[[21.98167,76.98917],[21.95612,76.98],[21.94111,76.981],[21.98167,76.98917]]],[[[22.17835,76.99033],[22.18333,76.99063],[22.19355,76.98795],[22.18223,76.9866],[22.17835,76.99033]]],[[[21.97868,76.99376],[21.99742,76.99679],[21.97957,76.99121],[21.97868,76.99376]]],[[[22.16957,76.99571],[22.20752,76.9947],[22.21213,76.99278],[22.16957,76.99571]]],[[[22.23077,76.99594],[22.25438,76.99926],[22.25896,76.99872],[22.25524,76.99772],[22.26965,76.995],[22.24411,76.99532],[22.25145,76.99101],[22.23077,76.99594]]],[[[22.3691,77.01587],[22.3517,77.01218],[22.34805,77.01287],[22.3691,77.01587]]],[[[22.54773,77.04241],[22.54934,77.0457],[22.55302,77.04497],[22.54773,77.04241]]],[[[22.52061,77.06469],[22.51422,77.06496],[22.5188,77.06743],[22.52061,77.06469]]],[[[22.48294,77.0661],[22.48381,77.06962],[22.49285,77.06751],[22.48294,77.0661]]],[[[22.47769,77.07137],[22.47413,77.06774],[22.44446,77.07164],[22.47769,77.07137]]],[[[22.05251,77.10754],[22.08466,77.11149],[22.08587,77.11033],[22.05251,77.10754]]],[[[22.10141,77.11585],[22.08464,77.11669],[22.10242,77.11734],[22.10141,77.11585]]],[[[22.79315,77.13733],[22.80731,77.13611],[22.79807,77.1356],[22.79315,77.13733]]],[[[22.77706,77.15113],[22.76805,77.14996],[22.76592,77.15259],[22.77706,77.15113]]],[[[22.73193,77.15558],[22.72335,77.15834],[22.73652,77.15593],[22.7446,77.15102],[22.71303,77.15393],[22.73193,77.15558]]],[[[22.90511,77.1562],[22.89631,77.15741],[22.90256,77.15771],[22.90511,77.1562]]],[[[22.85522,77.1578],[22.86972,77.15881],[22.87332,77.15562],[22.85522,77.1578]]],[[[22.90651,77.15768],[22.91579,77.15757],[22.91797,77.15706],[22.90651,77.15768]]],[[[22.86318,77.15294],[22.80306,77.15214],[22.8256,77.15418],[22.8179,77.16381],[22.86318,77.15294]]],[[[22.89804,77.16251],[22.90809,77.16335],[22.91735,77.16191],[22.89804,77.16251]]],[[[22.90261,77.16675],[22.9348,77.16246],[22.91223,77.16314],[22.90261,77.16675]]],[[[22.90837,77.17001],[22.87509,77.16844],[22.87089,77.17115],[22.88766,77.17169],[22.87279,77.17632],[22.90837,77.17001]]],[[[22.91337,77.1731],[22.93079,77.17842],[22.93335,77.17723],[22.91337,77.1731]]],[[[22.04635,77.22394],[21.96834,77.21825],[21.96016,77.22332],[22.04635,77.22394]]],[[[23.16344,77.25597],[23.18308,77.2578],[23.17353,77.25406],[23.16344,77.25597]]],[[[23.11035,77.25746],[23.1036,77.25909],[23.11061,77.25839],[23.11035,77.25746]]],[[[23.1366,77.26185],[23.16164,77.26177],[23.16416,77.26101],[23.1366,77.26185]]],[[[23.22058,77.28927],[23.23337,77.29966],[23.26508,77.30092],[23.25549,77.29002],[23.27027,77.28979],[23.21078,77.27546],[23.10356,77.261],[23.09048,77.25563],[23.03001,77.26325],[23.05677,77.26556],[23.04861,77.2687],[23.05498,77.27431],[23.21972,77.28412],[23.23049,77.28705],[23.22058,77.28927]]],[[[23.19019,77.35138],[23.17681,77.35301],[23.19228,77.35274],[23.19019,77.35138]]],[[[22.50413,77.37629],[22.49993,77.3727],[22.49084,77.37526],[22.50413,77.37629]]],[[[23.25824,77.38123],[23.25736,77.38035],[23.24984,77.38253],[23.25824,77.38123]]],[[[22.55735,77.38411],[22.55024,77.38104],[22.54253,77.3824],[22.55735,77.38411]]],[[[22.4779,77.39218],[22.53969,77.38273],[22.51539,77.37619],[22.50445,77.37912],[22.5055,77.38619],[22.44985,77.38566],[22.4779,77.39218]]],[[[22.45309,77.39822],[22.44815,77.38799],[22.4088,77.37756],[22.36683,77.38203],[22.41793,77.39484],[22.40981,77.40241],[22.45309,77.39822]]],[[[22.44544,78.2374],[22.52832,78.23373],[22.82842,78.25732],[22.99553,78.22273],[23.11655,78.20864],[23.13377,78.18962],[23.17987,78.16469],[23.16542,78.14457],[23.12697,78.13465],[23.09633,78.11372],[23.12641,78.07788],[23.31081,77.99353],[23.51577,77.92854],[23.64875,77.90342],[23.74982,77.91289],[23.96427,77.91619],[24.03491,77.92997],[24.11541,77.91452],[24.10514,77.9085],[24.11595,77.89948],[24.08356,77.88978],[24.09488,77.88004],[24.0772,77.8659],[24.07279,77.85179],[24.08346,77.82704],[24.07317,77.81425],[24.08664,77.8058],[24.04205,77.79447],[24.17532,77.76696],[24.21487,77.75353],[24.22487,77.73717],[24.13555,77.70264],[23.96086,77.6934],[23.9593,77.68487],[23.98041,77.67317],[23.98072,77.65667],[23.90325,77.62396],[23.85559,77.58469],[23.66386,77.50394],[23.5149,77.45985],[23.47803,77.44359],[23.48276,77.44077],[23.32411,77.40393],[23.32689,77.39911],[23.26477,77.39593],[23.18564,77.37975],[23.21703,77.3702],[23.13453,77.37415],[23.06598,77.34346],[23.0362,77.32481],[23.0239,77.3077],[23.0032,77.2995],[22.80448,77.28178],[22.69766,77.2592],[22.67079,77.24124],[22.57278,77.25736],[22.53703,77.28337],[22.57027,77.30419],[22.66789,77.33217],[22.70604,77.37225],[22.63399,77.393],[22.60452,77.39453],[22.57852,77.38442],[22.57553,77.39039],[22.61784,77.40908],[22.60482,77.412],[22.60362,77.42055],[22.63467,77.42887],[22.7195,77.42916],[22.77951,77.46009],[22.78187,77.46901],[22.76703,77.48304],[22.65579,77.5249],[22.79765,77.51586],[22.94214,77.53532],[23.03664,77.53233],[23.05275,77.53966],[23.02044,77.54125],[23.03016,77.54448],[23.0041,77.55703],[23.02267,77.56247],[23.0145,77.56635],[23.04292,77.57127],[23.02249,77.57335],[23.03175,77.58202],[22.87013,77.57072],[22.72619,77.58293],[22.70244,77.57224],[22.71557,77.56833],[22.68988,77.56741],[22.69463,77.5531],[22.70337,77.55212],[22.65741,77.52894],[22.64508,77.53658],[22.64289,77.58111],[22.56206,77.6022],[22.55459,77.60997],[22.46844,77.61919],[22.42627,77.61372],[22.37881,77.58922],[22.2773,77.58162],[22.0356,77.54259],[22.01952,77.53492],[22.02826,77.53066],[22.04072,77.54079],[22.04723,77.53047],[22.0401,77.52489],[21.98767,77.51592],[21.78735,77.49915],[21.51911,77.50055],[21.06154,77.44302],[20.97322,77.44759],[20.88541,77.44158],[20.83956,77.45052],[20.83768,77.471],[20.86955,77.48951],[20.87776,77.50842],[20.86265,77.5206],[20.81139,77.53197],[20.87352,77.53893],[20.79773,77.54349],[20.88935,77.54784],[20.8726,77.56773],[20.85932,77.56901],[20.90189,77.57236],[20.89342,77.57488],[20.92486,77.58411],[20.89766,77.58329],[20.90618,77.58811],[21.01753,77.58824],[21.14977,77.60988],[21.16205,77.62068],[21.16009,77.64532],[21.19235,77.66534],[21.17433,77.68886],[21.20868,77.73862],[21.27328,77.76633],[21.35912,77.82097],[21.48847,77.86161],[21.48241,77.883],[21.48711,77.89142],[21.54535,77.91779],[21.54243,77.92788],[21.48232,77.94611],[21.27598,77.96688],[21.19462,77.98424],[21.135,78.01161],[20.96965,78.03965],[20.9087,78.06382],[20.78641,78.08379],[20.82577,78.08743],[20.82025,78.09744],[20.83054,78.1164],[21.08127,78.15516],[21.50086,78.19677],[21.57477,78.19551],[21.74264,78.21643],[22.11293,78.19711],[22.30593,78.21104],[22.3642,78.2065],[22.40925,78.21216],[22.44544,78.2374]]],[[[21.1764,79.54431],[21.26307,79.558],[21.21015,79.56627],[21.11366,79.56263],[21.03189,79.58571],[20.98332,79.58141],[20.90349,79.60022],[20.79648,79.60184],[20.71829,79.61197],[20.66665,79.60696],[20.59229,79.62044],[20.56925,79.62837],[20.5716,79.63623],[20.55762,79.64309],[20.46956,79.66889],[21.13851,79.70318],[21.36008,79.70651],[21.54932,79.69425],[21.83238,79.69131],[21.84828,79.706],[21.887,79.72169],[21.93683,79.72961],[21.80316,79.753],[21.70537,79.74763],[21.64923,79.75773],[21.69179,79.76899],[21.66153,79.77106],[21.67049,79.77598],[21.73836,79.77795],[21.72854,79.78136],[21.65367,79.78531],[21.64616,79.78038],[21.65641,79.77727],[21.59949,79.77139],[21.60502,79.76458],[21.56351,79.76826],[21.58686,79.7803],[21.59431,79.79826],[21.67521,79.80492],[21.60479,79.81762],[21.40132,79.81881],[21.26743,79.80668],[21.24612,79.79871],[21.11809,79.80302],[20.95378,79.79483],[20.91488,79.8004],[20.81607,79.79249],[20.67613,79.8056],[20.60759,79.78485],[20.53278,79.77488],[20.50736,79.796],[20.38987,79.77654],[20.31648,79.78291],[20.01428,79.74972],[19.57948,79.74381],[19.56279,79.74161],[19.55459,79.72121],[19.51642,79.70946],[19.49937,79.71008],[19.49296,79.71343],[19.49937,79.71625],[19.48997,79.71686],[19.49595,79.72059],[19.47913,79.72673],[19.49258,79.73247],[19.48383,79.74139],[19.50164,79.74553],[19.4909,79.74908],[19.49983,79.75344],[19.495,79.75859],[19.40475,79.76718],[19.24475,79.75008],[19.23067,79.75797],[19.27259,79.75831],[19.17086,79.76891],[19.08871,79.76108],[19.09403,79.76345],[19.04609,79.76987],[18.97685,79.76299],[18.94508,79.76837],[18.79707,79.75274],[18.77143,79.75399],[18.77684,79.75653],[18.77234,79.76131],[18.75701,79.7669],[18.70668,79.77099],[18.70124,79.77475],[18.7152,79.77706],[18.70617,79.78667],[18.61605,79.80568],[18.56251,79.7999],[18.61714,79.79375],[18.6595,79.77658],[18.61801,79.77727],[18.53847,79.79451],[18.51917,79.79421],[18.52595,79.78534],[18.51963,79.78221],[18.50414,79.78601],[18.51316,79.79209],[18.49984,79.79561],[18.48841,79.79237],[18.49482,79.78518],[18.48856,79.78046],[18.45635,79.77796],[18.43842,79.78212],[18.454,79.78894],[18.44056,79.79064],[18.45825,79.79723],[18.45197,79.80127],[18.39832,79.80586],[18.38188,79.82038],[18.30616,79.82328],[18.28215,79.83522],[18.26362,79.83445],[18.23863,79.87252],[18.19309,79.88329],[18.19671,79.88944],[18.14562,79.89659],[18.10299,79.89242],[18.07595,79.90488],[18.16378,79.91171],[18.16762,79.9174],[18.15622,79.91895],[18.2085,79.93773],[18.35365,79.93904],[18.48905,79.95493],[18.66826,79.9566],[18.6789,79.96044],[18.603,79.96581],[18.69773,79.97331],[18.63358,79.98664],[18.57882,79.97636],[18.50394,79.9734],[18.56272,79.97795],[18.57172,79.9886],[18.63273,79.99238],[18.642,79.99948],[18.61516,80.01181],[18.63032,80.01488],[18.66213,79.99814],[18.64878,79.99267],[18.65238,79.98765],[18.73041,79.98415],[18.71667,79.97711],[18.8007,79.97339],[18.7845,79.96955],[18.82632,79.96255],[18.8019,79.96982],[18.80739,79.97527],[18.79729,79.9794],[18.85031,79.98437],[18.80593,79.98398],[18.76559,79.99471],[18.75229,80.01762],[18.91314,80.02117],[18.88069,80.02453],[18.94721,80.04966],[18.83561,80.03075],[18.71141,80.0324],[18.69822,80.02904],[18.71582,80.02238],[18.6983,80.02041],[18.67933,80.03403],[18.5999,80.02831],[18.58484,80.03076],[18.58815,80.03712],[18.5404,80.04155],[18.3628,80.03831],[18.28429,80.02508],[18.2537,80.0484],[18.18349,80.05046],[18.19059,80.03635],[18.15456,80.05635],[18.15053,80.05325],[18.16778,80.04601],[18.16109,80.04013],[18.16718,80.03788],[18.15453,80.03717],[18.1283,80.04595],[18.12212,80.0591],[18.07826,80.08815],[17.9926,80.12894],[17.92883,80.12653],[17.96795,80.1152],[17.97285,80.09791],[17.89039,80.13494],[17.8194,80.13405],[17.74605,80.12217],[17.71146,80.12741],[17.79253,80.14344],[17.82695,80.16157],[17.91364,80.16752],[17.89836,80.16414],[17.87973,80.1628],[17.91012,80.16135],[17.95106,80.17023],[17.93841,80.18396],[17.90222,80.19039],[17.93389,80.19307],[17.95406,80.18208],[18.0114,80.17413],[17.95844,80.18078],[17.99243,80.17063],[18.05509,80.17516],[18.06067,80.17848],[18.05277,80.18073],[18.0726,80.18334],[18.08092,80.17639],[18.04564,80.16837],[18.05406,80.16578],[18.08916,80.17429],[18.08375,80.17422],[18.10899,80.184],[18.16205,80.18581],[18.16353,80.18543],[18.1192,80.18187],[18.14993,80.18302],[18.19224,80.1706],[18.25142,80.1712],[18.35438,80.18141],[18.33541,80.18824],[18.33987,80.19435],[18.4124,80.18041],[18.42785,80.18507],[18.41104,80.18567],[18.43515,80.1909],[18.4972,80.181],[18.52879,80.18591],[18.58737,80.17391],[18.57616,80.17162],[18.58277,80.16986],[18.63908,80.16502],[18.62123,80.16072],[18.63702,80.15774],[18.69658,80.15501],[18.72225,80.16321],[18.72808,80.17305],[18.71867,80.17593],[18.78113,80.18322],[18.71658,80.19144],[18.71014,80.19452],[18.71504,80.19853],[18.69401,80.20456],[18.70801,80.20643],[18.93736,80.18448],[18.90893,80.17432],[18.96712,80.15307],[18.99809,80.14997],[19.03553,80.13111],[19.09604,80.12568],[19.28555,80.07403],[19.34755,80.08751],[19.43994,80.08993],[19.37276,80.10586],[19.38907,80.10932],[19.37139,80.12127],[19.40726,80.12706],[19.41612,80.13771],[19.37231,80.13667],[19.38701,80.14523],[19.3292,80.14994],[19.3783,80.15257],[19.39104,80.14356],[19.56777,80.13612],[19.60038,80.14128],[19.50373,80.15985],[19.29637,80.16789],[19.26811,80.17042],[19.28367,80.17467],[19.26487,80.18188],[19.1944,80.18536],[19.16522,80.2002],[19.18968,80.20382],[19.15501,80.21],[19.15303,80.21716],[19.11314,80.23073],[19.09982,80.24729],[19.04402,80.26753],[19.05561,80.2763],[19.05441,80.28494],[19.06875,80.28997],[19.01785,80.31538],[18.99689,80.33232],[18.99872,80.34448],[19.05228,80.35062],[19.23908,80.33411],[19.37119,80.29621],[19.38692,80.28754],[19.38349,80.27936],[19.39235,80.27262],[19.43265,80.25614],[19.57798,80.2184],[19.75473,80.21555],[19.79331,80.20688],[19.82303,80.2157],[19.78419,80.22552],[19.71353,80.22914],[19.71765,80.2324],[19.68939,80.239],[19.68413,80.25064],[19.69235,80.25458],[19.78877,80.27109],[19.79529,80.27962],[19.74548,80.29352],[19.79907,80.30677],[19.69698,80.32196],[19.74908,80.33253],[19.85737,80.33593],[19.77106,80.34161],[19.71553,80.33618],[19.7536,80.35178],[19.85309,80.35828],[19.81679,80.36674],[19.91591,80.37362],[19.86298,80.38045],[19.75608,80.37848],[19.72356,80.38288],[19.73537,80.38897],[19.72852,80.39213],[19.5358,80.38131],[19.47779,80.38468],[19.42708,80.42238],[19.43771,80.43211],[19.4371,80.44672],[19.45314,80.46043],[19.48376,80.46548],[19.70769,80.42577],[19.62529,80.4516],[19.58924,80.47891],[19.60229,80.49988],[19.66808,80.50542],[19.78889,80.47702],[19.81417,80.45555],[19.83273,80.45234],[19.8559,80.45313],[19.86337,80.4611],[19.99589,80.46943],[20.02499,80.45362],[20.01606,80.45034],[20.02636,80.44738],[20.00252,80.44048],[20.00748,80.42833],[20.0334,80.42248],[20.08285,80.39501],[20.10951,80.3921],[20.14003,80.40224],[20.13233,80.40837],[20.2971,80.41273],[20.40083,80.39619],[20.394,80.39106],[20.43347,80.37848],[20.40838,80.37532],[20.40584,80.36758],[20.516,80.34703],[20.52699,80.33922],[20.53378,80.31902],[20.50119,80.31095],[20.52128,80.30732],[20.50199,80.29712],[20.55893,80.29651],[20.5643,80.29353],[20.55661,80.28576],[20.58288,80.28082],[20.64924,80.28176],[20.74665,80.30479],[20.80408,80.30284],[20.81478,80.28223],[20.79004,80.26194],[20.80624,80.25104],[20.79556,80.2346],[20.8322,80.22556],[20.82788,80.21382],[20.84088,80.20709],[20.89508,80.19832],[20.97119,80.20442],[20.98899,80.21178],[20.97747,80.21258],[20.98472,80.2178],[20.99667,80.21759],[20.986,80.2265],[21.04277,80.21701],[21.01929,80.20663],[21.15573,80.20328],[21.18584,80.21022],[21.17646,80.2211],[21.15878,80.22364],[21.28799,80.22967],[21.29429,80.23601],[21.28144,80.239],[21.33036,80.24752],[21.34313,80.24415],[21.34224,80.23688],[21.32617,80.23143],[21.34346,80.22718],[21.30739,80.20507],[21.34594,80.20221],[21.38936,80.21581],[21.38003,80.22873],[21.41942,80.24731],[21.42198,80.25366],[21.40912,80.2562],[21.46074,80.26095],[21.51062,80.25626],[21.58915,80.23147],[21.66147,80.22031],[21.69375,80.22602],[21.6639,80.23774],[21.66791,80.24589],[21.64713,80.26045],[21.65774,80.26813],[21.78253,80.26625],[21.83746,80.25324],[21.86127,80.23821],[21.8319,80.22494],[21.83597,80.19877],[21.85028,80.1946],[21.71039,80.16431],[21.62896,80.13853],[21.63456,80.12989],[21.54444,80.12507],[21.54685,80.11906],[21.70199,80.11191],[21.69611,80.1177],[21.75303,80.13265],[21.83602,80.14035],[21.90998,80.11433],[22.04938,80.11565],[22.05328,80.10278],[22.11267,80.07849],[22.13111,80.05366],[22.15497,80.04059],[22.20791,80.0326],[22.19754,80.02685],[22.19484,80.01147],[22.22365,80.00111],[22.19034,79.99107],[22.20034,79.98431],[22.24339,79.98309],[22.25554,79.99132],[22.30306,79.99378],[22.30351,80.00021],[22.31669,80.00325],[22.29151,80.02244],[22.30137,80.02286],[22.29494,80.02918],[22.41575,80.01353],[22.42422,80.00269],[22.45465,79.9981],[22.47117,80.00138],[22.47048,80.01258],[22.48597,80.01932],[22.38096,80.03926],[22.40527,80.05048],[22.50845,80.04677],[22.49259,80.05829],[22.43883,80.06521],[22.48876,80.06626],[22.49047,80.07185],[22.39947,80.08253],[22.4535,80.08087],[22.46153,80.0837],[22.45622,80.0881],[22.33095,80.1015],[22.41864,80.10366],[22.38739,80.13368],[22.36969,80.16525],[22.46806,80.19166],[22.44669,80.20465],[22.47894,80.22332],[22.4362,80.25761],[22.44617,80.26956],[22.4781,80.28],[22.55954,80.28481],[22.57958,80.29533],[22.37677,80.32651],[22.32444,80.36124],[22.32689,80.38324],[22.39361,80.41273],[22.59818,80.42021],[22.63857,80.41074],[22.64999,80.37825],[22.61698,80.36232],[22.62644,80.3478],[22.64916,80.33356],[22.76827,80.31183],[22.7285,80.335],[22.68092,80.3348],[22.67111,80.34162],[22.69053,80.34424],[22.72941,80.37372],[22.7948,80.38552],[22.82987,80.40298],[22.82452,80.41242],[22.79819,80.41582],[22.83848,80.43251],[22.78177,80.45882],[22.76047,80.48604],[22.72133,80.49415],[22.78724,80.50793],[22.89288,80.47829],[23.04468,80.45648],[23.25905,80.44382],[23.31889,80.42842],[23.32911,80.41391],[23.27831,80.40731],[23.27349,80.39812],[23.27916,80.39412],[23.26499,80.39031],[23.09838,80.38502],[23.10262,80.37548],[23.12332,80.3729],[23.20569,80.37562],[23.23679,80.36834],[23.20754,80.35724],[23.1494,80.35085],[23.16908,80.3465],[23.31012,80.33832],[23.30513,80.32374],[23.25409,80.32062],[23.31389,80.31002],[23.29305,80.30152],[23.25089,80.30025],[23.29923,80.29078],[23.25509,80.25625],[23.13629,80.25268],[23.05197,80.23875],[23.04364,80.23462],[23.05128,80.22985],[23.04164,80.21856],[23.05582,80.21174],[23.02518,80.20323],[23.02892,80.18605],[22.99888,80.17706],[22.99936,80.15074],[23.05696,80.12945],[23.16011,80.11224],[23.16925,80.11363],[23.16171,80.11998],[23.17095,80.12323],[23.11459,80.14902],[23.06947,80.15838],[23.10828,80.1639],[23.23567,80.1505],[23.21084,80.15933],[23.22351,80.16388],[23.19971,80.17042],[23.20594,80.17677],[23.2865,80.17249],[23.32668,80.16172],[23.34789,80.13812],[23.38196,80.12831],[23.39737,80.13242],[23.39138,80.14315],[23.39992,80.1468],[23.39096,80.16227],[23.27035,80.19975],[23.33949,80.19655],[23.34888,80.18593],[23.40734,80.19727],[23.47108,80.19592],[23.49758,80.18223],[23.46975,80.15848],[23.54011,80.15093],[23.55417,80.1341],[23.50427,80.12189],[23.56732,80.11591],[23.60072,80.12585],[23.63915,80.12608],[23.64649,80.13202],[23.61882,80.14886],[23.67707,80.17384],[23.76774,80.17087],[23.79716,80.18207],[23.74482,80.19604],[23.70638,80.22106],[23.70331,80.23023],[23.74328,80.23462],[23.82427,80.23163],[23.71382,80.25301],[23.73068,80.25512],[23.73325,80.26129],[23.7244,80.26676],[23.73664,80.28091],[23.78928,80.28243],[23.84406,80.27195],[23.8555,80.26291],[23.88511,80.26652],[24.00788,80.25104],[24.02726,80.25465],[23.94482,80.28269],[23.94565,80.29784],[23.96739,80.30123],[24.04602,80.28778],[24.18108,80.24612],[24.2031,80.24541],[24.2366,80.25625],[24.15309,80.28258],[24.16339,80.29522],[24.25059,80.29794],[24.2698,80.29371],[24.26463,80.28857],[24.35189,80.27071],[24.35104,80.27814],[24.38069,80.28301],[24.34991,80.29495],[24.26966,80.30532],[24.28249,80.31307],[24.41398,80.30542],[24.10443,80.33904],[24.13186,80.34423],[24.12353,80.3499],[24.26687,80.36103],[24.43221,80.3497],[24.4839,80.3545],[24.46835,80.3515],[24.50788,80.34107],[24.49309,80.33965],[24.50728,80.33347],[24.5675,80.32917],[24.54422,80.31681],[24.60766,80.31399],[24.50223,80.30436],[24.47369,80.29098],[24.40302,80.28245],[24.44596,80.27936],[24.40806,80.26692],[24.42468,80.25002],[24.43975,80.24669],[24.46727,80.24669],[24.52072,80.26399],[24.55933,80.26021],[24.60106,80.28504],[24.64678,80.28748],[24.65273,80.2765],[24.66296,80.27496],[24.73631,80.28738],[24.75133,80.29881],[24.75054,80.31334],[24.77725,80.33375],[24.82016,80.34625],[24.87594,80.33233],[24.87719,80.31901],[24.84668,80.29107],[24.84754,80.2838],[24.86783,80.2755],[24.7741,80.23907],[25.04004,80.23936],[25.07725,80.25321],[25.22368,80.26567],[25.25815,80.25675],[25.25321,80.26772],[25.26266,80.27076],[25.35024,80.26726],[25.23518,80.25197],[25.23092,80.24609],[25.23512,80.23449],[25.26263,80.23051],[25.24934,80.22474],[25.25435,80.22329],[25.41172,80.21836],[25.43436,80.22154],[25.42847,80.22336],[25.4323,80.22822],[25.46729,80.22973],[25.50073,80.2191],[25.47966,80.21385],[25.55516,80.2156],[25.56716,80.20998],[25.54769,80.19752],[25.57299,80.18834],[25.60768,80.18891],[25.63933,80.21215],[25.67187,80.20532],[25.86317,80.20036],[25.81905,80.1956],[25.84445,80.18989],[25.81933,80.18395],[25.74255,80.17447],[25.76651,80.16732],[25.71031,80.1616],[25.72279,80.16002],[25.93511,80.1649],[25.88055,80.15578],[25.89475,80.15634],[26.07971,80.17524],[26.75007,80.14936],[26.87007,80.1194],[26.89224,80.10308],[26.94214,80.09268],[26.93757,80.07851],[27.11915,80.08443],[27.197,80.07647],[27.23729,80.05612],[27.16436,80.03728],[27.09336,80.00244],[27.13353,79.96283],[27.11471,79.95992],[27.11946,79.94942],[27.06081,79.93943],[27.08648,79.92212],[27.12388,79.91082],[27.15286,79.87306],[27.13737,79.86869],[27.12466,79.83829],[27.072,79.82592],[27.05849,79.81263],[27.02301,79.81144],[27.04232,79.80677],[27.03476,79.80234],[27.00424,79.80007],[27.02979,79.7966],[26.99526,79.79245],[27.00484,79.78985],[26.90708,79.79705],[26.89784,79.78867],[26.93917,79.78389],[26.89887,79.77727],[26.91373,79.77683],[26.90662,79.77458],[26.80732,79.78672],[26.75615,79.77498],[26.79766,79.76917],[26.79029,79.76565],[26.70213,79.77346],[26.60736,79.75313],[26.61455,79.74607],[26.59248,79.72523],[26.54864,79.71094],[26.39077,79.68291],[26.3025,79.65842],[26.13875,79.63154],[25.77175,79.59572],[25.68575,79.58009],[25.62367,79.55927],[25.66113,79.53236],[25.80131,79.52119],[25.85053,79.50529],[25.82679,79.50022],[25.81376,79.4863],[25.68671,79.46869],[25.75759,79.44142],[25.61999,79.41172],[25.13529,79.34102],[24.9481,79.35345],[24.93072,79.36222],[24.7725,79.35283],[24.55036,79.32425],[24.30735,79.31216],[24.17253,79.28467],[24.02067,79.27053],[24.00803,79.25486],[23.9934,79.25302],[24.00512,79.24311],[23.94558,79.21507],[23.62385,79.21029],[23.38065,79.22034],[23.35429,79.22885],[23.27349,79.22391],[23.19672,79.23816],[23.1751,79.25105],[22.89854,79.25274],[22.80719,79.27054],[22.74449,79.30043],[22.73904,79.30718],[22.74514,79.31151],[22.7326,79.31914],[22.78756,79.3302],[22.80246,79.34384],[22.90932,79.35652],[22.87287,79.35783],[22.90591,79.36551],[22.88457,79.37622],[22.55593,79.38501],[22.21982,79.3825],[21.95587,79.35343],[21.74795,79.34604],[21.62295,79.36365],[21.3144,79.37174],[20.95619,79.35029],[20.73043,79.36015],[20.7375,79.37223],[20.77416,79.3926],[20.77519,79.40354],[20.75231,79.40977],[20.61832,79.42536],[20.25409,79.44719],[20.18596,79.45819],[20.06137,79.45838],[20.00897,79.47873],[19.95458,79.5125],[19.86368,79.51653],[19.79039,79.53583],[19.64896,79.59462],[19.65504,79.60803],[19.70531,79.6166],[20.12352,79.62861],[20.28176,79.61682],[20.27918,79.60632],[20.2928,79.59821],[20.39196,79.57654],[20.46965,79.56912],[20.84965,79.56431],[20.99597,79.54077],[21.15177,79.53057],[21.1764,79.53387],[21.16774,79.53828],[21.1764,79.54431]]],[[[22.28476,80.04923],[22.29095,80.05275],[22.28314,80.05865],[22.37215,80.04633],[22.29656,80.04511],[22.28476,80.04923]]],[[[22.36716,80.08208],[22.34099,80.081],[22.3245,80.08257],[22.36716,80.08208]]],[[[22.2947,80.12824],[22.30237,80.124],[22.28816,80.12327],[22.27394,80.12892],[22.2947,80.12824]]],[[[22.05788,80.12489],[22.0381,80.11693],[21.99241,80.1237],[21.99226,80.13026],[22.04543,80.14501],[22.05262,80.13437],[22.0202,80.12978],[22.05788,80.12489]]],[[[22.27834,80.14302],[22.30408,80.15045],[22.33826,80.14591],[22.27834,80.14302]]],[[[23.58168,80.17055],[23.56958,80.17337],[23.59301,80.1713],[23.58168,80.17055]]],[[[23.59428,80.17995],[23.60218,80.17825],[23.59385,80.17829],[23.59428,80.17995]]],[[[22.23271,80.19521],[22.25322,80.19158],[22.2315,80.18952],[22.22668,80.19062],[22.23271,80.19521]]],[[[23.2995,80.20891],[23.27303,80.20397],[23.2598,80.2071],[23.2995,80.20891]]],[[[23.73409,80.24251],[23.71478,80.24128],[23.70965,80.24266],[23.7184,80.2444],[23.73409,80.24251]]],[[[23.87311,80.29689],[23.89245,80.29048],[23.88579,80.29037],[23.85242,80.29316],[23.87311,80.29689]]],[[[23.87163,80.2982],[23.85071,80.30122],[23.88443,80.30007],[23.87163,80.2982]]],[[[24.19988,80.3027],[24.17939,80.30235],[24.1811,80.30759],[24.19988,80.3027]]],[[[24.37094,80.36591],[24.38785,80.36907],[24.40274,80.36871],[24.37094,80.36591]]],[[[24.35933,80.39044],[24.28444,80.36799],[24.09027,80.38658],[24.11829,80.3914],[24.1054,80.39947],[24.14166,80.41606],[24.13907,80.42214],[24.15014,80.42703],[24.14495,80.4355],[24.22563,80.43767],[24.2815,80.42807],[24.27215,80.4243],[24.27845,80.41717],[24.35933,80.39044]]],[[[24.18706,80.46777],[24.06075,80.46998],[24.06631,80.47276],[23.99472,80.48342],[24.0837,80.48564],[24.18706,80.46777]]],[[[24.95831,76.46228],[24.98001,76.45468],[24.93431,76.44327],[24.8925,76.45021],[24.90911,76.47062],[24.94011,76.48658],[24.94494,76.49606],[24.93902,76.50144],[24.97774,76.51078],[24.99002,76.52723],[25.03681,76.55077],[25.10243,76.56551],[25.26451,76.62783],[25.4001,76.69505],[25.49904,76.71229],[25.43862,76.68004],[25.37805,76.66006],[25.35547,76.63736],[25.22142,76.60281],[25.20915,76.59086],[25.15708,76.57009],[25.16282,76.56403],[25.14575,76.54952],[25.00558,76.50525],[25.00098,76.49546],[24.95894,76.47578],[24.95831,76.46228]]],[[[25.11477,77.79302],[25.14677,77.79273],[25.11281,77.78921],[25.08681,77.8026],[25.13993,77.79638],[25.11477,77.79302]]],[[[25.03919,77.81655],[25.05441,77.81813],[25.09898,77.81013],[25.09067,77.80764],[25.03919,77.81655]]],[[[25.10548,77.81863],[25.11251,77.81978],[25.13764,77.81191],[25.10548,77.81863]]],[[[26.64178,78.67679],[26.6296,78.67062],[26.63106,78.67411],[26.63832,78.67715],[26.64794,78.67914],[26.66378,78.68024],[26.64396,78.67812],[26.63399,78.67462],[26.64178,78.67679]]],[[[26.51207,78.83869],[26.56254,78.83759],[26.64288,78.8231],[26.63688,78.81271],[26.6906,78.78022],[26.77832,78.76405],[26.88389,78.72612],[27.0698,78.71433],[26.98448,78.69372],[26.99221,78.68453],[26.98225,78.67297],[26.92509,78.66066],[26.77677,78.65553],[26.74828,78.65036],[26.75652,78.64125],[26.73944,78.63819],[26.71188,78.64813],[26.72208,78.66197],[26.74364,78.66853],[26.74115,78.67509],[26.4889,78.71984],[26.48838,78.72944],[26.45731,78.75347],[26.37337,78.7854],[26.3574,78.80225],[26.51207,78.83869]]],[[[28.61865,78.76988],[28.70608,78.75474],[28.58382,78.7707],[28.61865,78.76988]]],[[[28.65946,78.78456],[28.60658,78.8005],[28.69738,78.79306],[28.65946,78.78456]]],[[[28.70048,78.80089],[28.68992,78.79982],[28.68605,78.80014],[28.70048,78.80089]]],[[[28.73297,78.80216],[28.70807,78.80169],[28.69601,78.80446],[28.73297,78.80216]]],[[[28.68723,78.80932],[28.70071,78.80933],[28.70971,78.80707],[28.68723,78.80932]]],[[[28.75023,78.88467],[28.79816,78.87625],[28.73071,78.87813],[28.75023,78.88467]]],[[[29.11019,78.90462],[29.39941,78.90337],[29.59133,78.92096],[29.64077,78.91397],[29.643,78.90518],[29.63819,78.89153],[29.4849,78.88892],[29.35307,78.87641],[29.2947,78.86402],[29.30019,78.84822],[29.31084,78.84527],[29.23908,78.83899],[29.22878,78.84012],[29.24034,78.8467],[29.22787,78.85304],[29.1445,78.85459],[29.00631,78.89292],[28.88477,78.91027],[28.73182,78.91773],[28.6956,78.91337],[28.68324,78.90165],[28.64943,78.89768],[28.63998,78.88455],[28.62419,78.8823],[28.52892,78.89258],[28.41785,78.88694],[28.15281,78.84311],[28.10655,78.82853],[28.07925,78.80161],[28.0699,78.80086],[28.06148,78.80278],[28.08775,78.82839],[28.08346,78.83151],[27.87695,78.84417],[27.8088,78.85748],[27.80331,78.86425],[27.82597,78.87336],[27.94527,78.86852],[28.01926,78.87899],[28.13137,78.91626],[28.26463,78.91766],[28.40467,78.92968],[28.41227,78.94254],[28.40576,78.95218],[28.36924,78.96349],[28.39333,78.9671],[28.51754,78.95791],[28.68977,78.96475],[28.74229,78.95749],[28.92254,78.95844],[28.94623,78.94054],[28.99189,78.9327],[28.92632,78.93178],[28.9555,78.91912],[29.11019,78.90462]]],[[[28.70606,78.90109],[28.73253,78.89933],[28.73996,78.89572],[28.73065,78.89454],[28.70606,78.90109]]],[[[30.21446,78.97247],[30.23386,78.96912],[30.21841,78.96498],[30.10992,78.9794],[30.10426,79.00143],[30.06495,79.01187],[30.29377,79.01131],[30.37033,79.01939],[30.42063,79.00473],[30.23429,78.98266],[30.21446,78.97247]]],[[[26.64926,79.70196],[26.68718,79.70153],[26.68366,79.69972],[26.64113,79.6978],[26.62755,79.70629],[26.65353,79.71541],[26.67104,79.71222],[26.64926,79.70196]]],[[[26.96026,79.77363],[26.94849,79.77196],[26.95021,79.77363],[26.96026,79.77363]]],[[[27.15786,79.79506],[27.1491,79.79139],[27.15657,79.79533],[27.15786,79.79506]]],[[[27.58006,79.92186],[27.55418,79.92113],[27.56929,79.92256],[27.58006,79.92186]]],[[[27.23771,79.92825],[27.2427,79.92721],[27.24023,79.924],[27.23771,79.92825]]],[[[27.24324,79.93135],[27.24387,79.93185],[27.25304,79.93044],[27.24324,79.93135]]],[[[27.21148,79.93164],[27.1974,79.92944],[27.20856,79.93286],[27.21148,79.93164]]],[[[27.26841,79.92975],[27.25288,79.93351],[27.26391,79.93621],[27.26841,79.92975]]],[[[27.28128,79.94009],[27.27757,79.93804],[27.27982,79.94023],[27.28128,79.94009]]],[[[27.33377,79.96483],[27.279,79.95336],[27.32544,79.96545],[27.33377,79.96483]]],[[[28.16843,80.06021],[28.17463,80.05506],[28.12708,80.04855],[28.04612,80.05166],[28.04187,80.0435],[27.93033,80.06624],[27.91553,80.08543],[27.89173,80.08784],[27.90126,80.09188],[27.8887,80.10015],[27.89285,80.10422],[27.86599,80.11607],[27.97546,80.14177],[28.03829,80.13794],[28.0345,80.12872],[28.06898,80.12255],[28.25697,80.10965],[28.26158,80.10743],[28.24124,80.0932],[28.26526,80.09026],[28.25382,80.08692],[28.26213,80.08396],[28.20897,80.08031],[28.21312,80.07694],[28.19896,80.07139],[28.2241,80.06664],[28.17782,80.06414],[28.16843,80.06021]]],[[[25.87045,80.17467],[25.86049,80.17256],[25.85114,80.17369],[25.87045,80.17467]]],[[[33.03185,80.30354],[33.18744,80.28027],[33.25662,80.25089],[33.37169,80.23729],[33.44911,80.24109],[33.44694,80.23439],[33.45376,80.23256],[33.51425,80.22901],[33.43253,80.21399],[33.44526,80.1996],[33.43155,80.18402],[33.3407,80.15119],[33.38238,80.14294],[33.3731,80.14112],[33.2386,80.14879],[33.08609,80.13541],[32.69558,80.12343],[32.49801,80.1067],[32.30421,80.10928],[31.76788,80.05236],[31.74198,80.04348],[31.65487,80.04144],[31.54314,80.05906],[31.49437,80.0775],[31.42576,80.08833],[31.46862,80.09804],[31.44619,80.10926],[31.4964,80.12713],[31.51758,80.14342],[31.51558,80.14989],[31.64941,80.18108],[32.0,80.2245],[32.1388,80.25852],[32.63266,80.30204],[32.86042,80.31155],[33.03185,80.30354]]],[[[25.93212,80.18697],[25.89925,80.18519],[25.91014,80.18745],[25.93212,80.18697]]],[[[26.00475,80.18221],[26.02186,80.18363],[26.02679,80.18808],[26.01689,80.1936],[26.03574,80.19601],[26.1146,80.19232],[26.09961,80.18707],[26.10687,80.185],[26.00475,80.18221]]],[[[26.16661,80.19285],[26.14357,80.18973],[26.16107,80.19445],[26.16661,80.19285]]],[[[25.841,80.21455],[25.85878,80.21506],[25.85737,80.21377],[25.841,80.21455]]],[[[25.63153,80.21568],[25.62357,80.21455],[25.62078,80.21597],[25.63153,80.21568]]],[[[25.81264,80.21832],[25.80457,80.22043],[25.80953,80.22102],[25.81849,80.21947],[25.81264,80.21832]]],[[[25.73503,80.22052],[25.74109,80.22089],[25.74773,80.21991],[25.73503,80.22052]]],[[[25.62526,80.2196],[25.61442,80.22017],[25.61292,80.2214],[25.62526,80.2196]]],[[[25.65196,80.22863],[25.67499,80.22466],[25.6462,80.21965],[25.6395,80.22584],[25.65196,80.22863]]],[[[25.80119,80.22568],[25.82872,80.22541],[25.81068,80.22343],[25.80119,80.22568]]],[[[25.80452,80.23392],[25.85026,80.23342],[25.82123,80.22952],[25.80452,80.23392]]],[[[25.74049,80.2323],[25.74945,80.23254],[25.7504,80.23184],[25.74049,80.2323]]],[[[25.66091,80.231],[25.64563,80.23527],[25.68434,80.23612],[25.66091,80.231]]],[[[25.5895,80.23577],[25.58924,80.23181],[25.5828,80.23471],[25.5895,80.23577]]],[[[25.2843,80.24114],[25.28078,80.24251],[25.29137,80.24612],[25.29868,80.24216],[25.2843,80.24114]]],[[[24.48902,80.28432],[24.47083,80.28906],[24.50699,80.28645],[24.48902,80.28432]]],[[[24.76429,80.3495],[24.77672,80.34692],[24.76856,80.34342],[24.69052,80.35237],[24.78907,80.35527],[24.76429,80.3495]]],[[[25.83152,80.40425],[25.84098,80.40426],[25.81536,80.4029],[25.83152,80.40425]]],[[[26.15954,80.4427],[26.13042,80.43827],[26.11945,80.44394],[26.1407,80.45446],[26.20028,80.45922],[26.15954,80.4427]]],[[[25.96213,80.46179],[26.00249,80.45365],[25.98721,80.44677],[25.95689,80.45322],[25.96213,80.46179]]],[[[25.00574,80.66208],[25.02249,80.65028],[25.00297,80.65257],[25.00172,80.66268],[24.98403,80.66618],[25.01476,80.6664],[25.00574,80.66208]]]]}}]}
